0 verbose cli C:\Program Files\nodejs\node.exe C:\Program Files\nodejs\node_modules\npm\bin\npm-cli.js
1 info using npm@11.16.0
2 info using node@v24.18.0
3 silly config load:file:C:\Program Files\nodejs\node_modules\npm\npmrc
4 silly config load:file:C:\Users\yuvii\Documents\Codex\2026-08-09\you-are-the-senior-software-architect\client\.npmrc
5 silly config load:file:C:\Users\yuvii\.npmrc
6 silly config load:file:C:\Users\yuvii\AppData\Roaming\npm\etc\npmrc
7 verbose title npm install
8 verbose argv "install" "--cache" "..\\work\\npm-cache"
9 verbose logfile logs-max:10 dir:C:\Users\yuvii\Documents\Codex\2026-08-09\you-are-the-senior-software-architect\work\npm-cache\_logs\2026-08-09T07_10_35_347Z-
10 verbose logfile C:\Users\yuvii\Documents\Codex\2026-08-09\you-are-the-senior-software-architect\work\npm-cache\_logs\2026-08-09T07_10_35_347Z-debug-0.log
11 silly logfile done cleaning log files
12 silly packumentCache heap:4496293888 maxSize:1124073472 maxEntrySize:562036736
13 silly idealTree buildDeps
14 silly fetch manifest @vitejs/plugin-react@^4.3.4
15 silly packumentCache full:https://registry.npmjs.org/@vitejs%2fplugin-react cache-miss
16 http fetch GET 200 https://registry.npmjs.org/@vitejs%2fplugin-react 594ms (cache miss)
17 silly packumentCache full:https://registry.npmjs.org/@vitejs%2fplugin-react set size:undefined disposed:false
18 silly fetch manifest vite@^6.0.7
19 silly packumentCache full:https://registry.npmjs.org/vite cache-miss
20 http fetch GET 200 https://registry.npmjs.org/npm 833ms
21 http fetch GET 200 https://registry.npmjs.org/vite 4350ms (cache miss)
22 silly packumentCache full:https://registry.npmjs.org/vite set size:undefined disposed:false
23 silly fetch manifest @types/node@^18.0.0 || ^20.0.0 || >=22.0.0
24 silly packumentCache full:https://registry.npmjs.org/@types%2fnode cache-miss
25 http fetch GET 200 https://registry.npmjs.org/@types%2fnode 891ms (cache miss)
26 silly packumentCache full:https://registry.npmjs.org/@types%2fnode set size:undefined disposed:false
27 silly fetch manifest jiti@>=1.21.0
28 silly packumentCache full:https://registry.npmjs.org/jiti cache-miss
29 http fetch GET 200 https://registry.npmjs.org/jiti 396ms (cache miss)
30 silly packumentCache full:https://registry.npmjs.org/jiti set size:undefined disposed:false
31 silly fetch manifest less@*
32 silly packumentCache full:https://registry.npmjs.org/less cache-miss
33 http fetch GET 200 https://registry.npmjs.org/less 220ms (cache miss)
34 silly packumentCache full:https://registry.npmjs.org/less set size:undefined disposed:false
35 silly fetch manifest lightningcss@^1.21.0
36 silly packumentCache full:https://registry.npmjs.org/lightningcss cache-miss
37 http fetch GET 200 https://registry.npmjs.org/lightningcss 52ms (cache miss)
38 silly packumentCache full:https://registry.npmjs.org/lightningcss set size:undefined disposed:false
39 silly fetch manifest sass@*
40 silly packumentCache full:https://registry.npmjs.org/sass cache-miss
41 http fetch GET 200 https://registry.npmjs.org/sass 101ms (cache miss)
42 silly packumentCache full:https://registry.npmjs.org/sass set size:undefined disposed:false
43 silly fetch manifest sass-embedded@*
44 silly packumentCache full:https://registry.npmjs.org/sass-embedded cache-miss
45 http fetch GET 200 https://registry.npmjs.org/sass-embedded 295ms (cache miss)
46 silly packumentCache full:https://registry.npmjs.org/sass-embedded set size:undefined disposed:false
47 silly fetch manifest stylus@*
48 silly packumentCache full:https://registry.npmjs.org/stylus cache-miss
49 http fetch GET 200 https://registry.npmjs.org/stylus 121ms (cache miss)
50 silly packumentCache full:https://registry.npmjs.org/stylus set size:undefined disposed:false
51 silly fetch manifest sugarss@*
52 silly packumentCache full:https://registry.npmjs.org/sugarss cache-miss
53 http fetch GET 200 https://registry.npmjs.org/sugarss 68ms (cache miss)
54 silly packumentCache full:https://registry.npmjs.org/sugarss set size:undefined disposed:false
55 silly fetch manifest postcss@^8.4.49
56 silly packumentCache full:https://registry.npmjs.org/postcss cache-miss
57 http fetch GET 200 https://registry.npmjs.org/postcss 83ms (cache miss)
58 silly packumentCache full:https://registry.npmjs.org/postcss set size:undefined disposed:false
59 silly fetch manifest terser@^5.16.0
60 silly packumentCache full:https://registry.npmjs.org/terser cache-miss
61 http fetch GET 200 https://registry.npmjs.org/terser 201ms (cache miss)
62 silly packumentCache full:https://registry.npmjs.org/terser set size:undefined disposed:false
63 silly fetch manifest tsx@^4.8.1
64 silly packumentCache full:https://registry.npmjs.org/tsx cache-miss
65 http fetch GET 200 https://registry.npmjs.org/tsx 98ms (cache miss)
66 silly packumentCache full:https://registry.npmjs.org/tsx set size:undefined disposed:false
67 silly fetch manifest yaml@^2.4.2
68 silly packumentCache full:https://registry.npmjs.org/yaml cache-miss
69 http fetch GET 200 https://registry.npmjs.org/yaml 71ms (cache miss)
70 silly packumentCache full:https://registry.npmjs.org/yaml set size:undefined disposed:false
71 silly fetch manifest react@^19.0.0
72 silly packumentCache full:https://registry.npmjs.org/react cache-miss
73 http fetch GET 200 https://registry.npmjs.org/react 1425ms (cache miss)
74 silly packumentCache full:https://registry.npmjs.org/react set size:undefined disposed:false
75 silly fetch manifest react-dom@^19.0.0
76 silly packumentCache full:https://registry.npmjs.org/react-dom cache-miss
77 http fetch GET 200 https://registry.npmjs.org/react-dom 573ms (cache miss)
78 silly packumentCache full:https://registry.npmjs.org/react-dom set size:undefined disposed:false
79 silly fetch manifest tailwindcss@^3.4.17
80 silly packumentCache full:https://registry.npmjs.org/tailwindcss cache-miss
81 http fetch GET 200 https://registry.npmjs.org/tailwindcss 2166ms (cache miss)
82 silly packumentCache full:https://registry.npmjs.org/tailwindcss set size:undefined disposed:false
83 silly fetch manifest autoprefixer@^10.4.20
84 silly packumentCache full:https://registry.npmjs.org/autoprefixer cache-miss
85 http fetch GET 200 https://registry.npmjs.org/autoprefixer 86ms (cache miss)
86 silly packumentCache full:https://registry.npmjs.org/autoprefixer set size:undefined disposed:false
87 silly placeDep ROOT @vitejs/plugin-react@4.7.0 OK for: relay-client@0.1.0 want: ^4.3.4
88 silly placeDep ROOT vite@6.4.3 OK for: @vitejs/plugin-react@4.7.0 want: ^4.2.0 || ^5.0.0 || ^6.0.0 || ^7.0.0
89 silly placeDep ROOT autoprefixer@10.5.4 OK for: relay-client@0.1.0 want: ^10.4.20
90 silly placeDep ROOT postcss@8.5.26 OK for: autoprefixer@10.5.4 want: ^8.1.0
91 silly placeDep ROOT react@19.2.8 OK for: relay-client@0.1.0 want: ^19.0.0
92 silly placeDep ROOT react-dom@19.2.8 OK for: relay-client@0.1.0 want: ^19.0.0
93 silly placeDep ROOT tailwindcss@3.4.19 OK for: relay-client@0.1.0 want: ^3.4.17
94 silly fetch manifest @babel/core@^7.28.0
95 silly packumentCache full:https://registry.npmjs.org/@babel%2fcore cache-miss
96 silly fetch manifest react-refresh@^0.17.0
97 silly packumentCache full:https://registry.npmjs.org/react-refresh cache-miss
98 silly fetch manifest @types/babel__core@^7.20.5
99 silly packumentCache full:https://registry.npmjs.org/@types%2fbabel__core cache-miss
100 silly fetch manifest @rolldown/pluginutils@1.0.0-beta.27
101 silly packumentCache full:https://registry.npmjs.org/@rolldown%2fpluginutils cache-miss
102 silly fetch manifest @babel/plugin-transform-react-jsx-self@^7.27.1
103 silly packumentCache full:https://registry.npmjs.org/@babel%2fplugin-transform-react-jsx-self cache-miss
104 silly fetch manifest @babel/plugin-transform-react-jsx-source@^7.27.1
105 silly packumentCache full:https://registry.npmjs.org/@babel%2fplugin-transform-react-jsx-source cache-miss
106 silly fetch manifest fdir@^6.4.4
107 silly packumentCache full:https://registry.npmjs.org/fdir cache-miss
108 silly fetch manifest rollup@^4.34.9
109 silly packumentCache full:https://registry.npmjs.org/rollup cache-miss
110 silly fetch manifest esbuild@^0.25.0
111 silly packumentCache full:https://registry.npmjs.org/esbuild cache-miss
112 silly fetch manifest postcss@^8.5.3
113 silly packumentCache full:https://registry.npmjs.org/postcss cache-miss
114 silly fetch manifest picomatch@^4.0.2
115 silly packumentCache full:https://registry.npmjs.org/picomatch cache-miss
116 http cache https://registry.npmjs.org/postcss 76ms (cache hit)
117 silly packumentCache full:https://registry.npmjs.org/postcss set size:760024 disposed:false
118 silly fetch manifest tinyglobby@^0.2.13
119 silly packumentCache full:https://registry.npmjs.org/tinyglobby cache-miss
120 http fetch GET 200 https://registry.npmjs.org/@types%2fbabel__core 292ms (cache miss)
121 silly packumentCache full:https://registry.npmjs.org/@types%2fbabel__core set size:undefined disposed:false
122 silly fetch manifest fsevents@~2.3.3
123 silly packumentCache full:https://registry.npmjs.org/fsevents cache-miss
124 http fetch GET 200 https://registry.npmjs.org/@babel%2fcore 331ms (cache miss)
125 silly packumentCache full:https://registry.npmjs.org/@babel%2fcore set size:undefined disposed:false
126 silly fetch manifest picocolors@^1.1.1
127 silly packumentCache full:https://registry.npmjs.org/picocolors cache-miss
128 http fetch GET 200 https://registry.npmjs.org/picocolors 141ms (cache miss)
129 silly packumentCache full:https://registry.npmjs.org/picocolors set size:undefined disposed:false
130 silly fetch manifest fraction.js@^5.3.4
131 silly packumentCache full:https://registry.npmjs.org/fraction.js cache-miss
132 http fetch GET 200 https://registry.npmjs.org/@babel%2fplugin-transform-react-jsx-source 490ms (cache miss)
133 silly packumentCache full:https://registry.npmjs.org/@babel%2fplugin-transform-react-jsx-source set size:undefined disposed:false
134 silly fetch manifest browserslist@^4.28.6
135 silly packumentCache full:https://registry.npmjs.org/browserslist cache-miss
136 http fetch GET 200 https://registry.npmjs.org/@babel%2fplugin-transform-react-jsx-self 502ms (cache miss)
137 silly packumentCache full:https://registry.npmjs.org/@babel%2fplugin-transform-react-jsx-self set size:undefined disposed:false
138 silly fetch manifest caniuse-lite@^1.0.30001806
139 silly packumentCache full:https://registry.npmjs.org/caniuse-lite cache-miss
140 http fetch GET 200 https://registry.npmjs.org/tinyglobby 413ms (cache miss)
141 silly packumentCache full:https://registry.npmjs.org/tinyglobby set size:undefined disposed:false
142 silly fetch manifest postcss-value-parser@^4.2.0
143 silly packumentCache full:https://registry.npmjs.org/postcss-value-parser cache-miss
144 http fetch GET 200 https://registry.npmjs.org/@rolldown%2fpluginutils 590ms (cache miss)
145 silly packumentCache full:https://registry.npmjs.org/@rolldown%2fpluginutils set size:undefined disposed:false
146 silly fetch manifest nanoid@^3.3.17
147 silly packumentCache full:https://registry.npmjs.org/nanoid cache-miss
148 http fetch GET 200 https://registry.npmjs.org/postcss-value-parser 160ms (cache miss)
149 silly packumentCache full:https://registry.npmjs.org/postcss-value-parser set size:undefined disposed:false
150 silly fetch manifest source-map-js@^1.2.1
151 silly packumentCache full:https://registry.npmjs.org/source-map-js cache-miss
152 http fetch GET 200 https://registry.npmjs.org/picomatch 680ms (cache miss)
153 silly packumentCache full:https://registry.npmjs.org/picomatch set size:undefined disposed:false
154 silly fetch manifest scheduler@^0.27.0
155 silly packumentCache full:https://registry.npmjs.org/scheduler cache-miss
156 http fetch GET 200 https://registry.npmjs.org/fdir 690ms (cache miss)
157 silly packumentCache full:https://registry.npmjs.org/fdir set size:undefined disposed:false
158 silly fetch manifest arg@^5.0.2
159 silly packumentCache full:https://registry.npmjs.org/arg cache-miss
160 http fetch GET 200 https://registry.npmjs.org/fsevents 492ms (cache miss)
161 silly packumentCache full:https://registry.npmjs.org/fsevents set size:undefined disposed:false
162 silly fetch manifest dlv@^1.1.3
163 silly packumentCache full:https://registry.npmjs.org/dlv cache-miss
164 http fetch GET 200 https://registry.npmjs.org/dlv 328ms (cache miss)
165 silly packumentCache full:https://registry.npmjs.org/dlv set size:undefined disposed:false
166 silly fetch manifest jiti@^1.21.7
167 silly packumentCache full:https://registry.npmjs.org/jiti cache-miss
168 http fetch GET 200 https://registry.npmjs.org/source-map-js 471ms (cache miss)
169 silly packumentCache full:https://registry.npmjs.org/source-map-js set size:undefined disposed:false
170 silly fetch manifest is-glob@^4.0.3
171 silly packumentCache full:https://registry.npmjs.org/is-glob cache-miss
172 http fetch GET 200 https://registry.npmjs.org/arg 461ms (cache miss)
173 silly packumentCache full:https://registry.npmjs.org/arg set size:undefined disposed:false
174 silly fetch manifest resolve@^1.22.8
175 silly packumentCache full:https://registry.npmjs.org/resolve cache-miss
176 http cache https://registry.npmjs.org/jiti 43ms (cache hit)
177 silly packumentCache full:https://registry.npmjs.org/jiti set size:387989 disposed:false
178 silly fetch manifest sucrase@^3.35.0
179 silly packumentCache full:https://registry.npmjs.org/sucrase cache-miss
180 http fetch GET 200 https://registry.npmjs.org/fraction.js 743ms (cache miss)
181 silly packumentCache full:https://registry.npmjs.org/fraction.js set size:undefined disposed:false
182 silly fetch manifest chokidar@^3.6.0
183 silly packumentCache full:https://registry.npmjs.org/chokidar cache-miss
184 http fetch GET 200 https://registry.npmjs.org/is-glob 163ms (cache miss)
185 silly packumentCache full:https://registry.npmjs.org/is-glob set size:undefined disposed:false
186 silly fetch manifest fast-glob@^3.3.2
187 silly packumentCache full:https://registry.npmjs.org/fast-glob cache-miss
188 http fetch GET 200 https://registry.npmjs.org/nanoid 972ms (cache miss)
189 silly packumentCache full:https://registry.npmjs.org/nanoid set size:undefined disposed:false
190 silly fetch manifest lilconfig@^3.1.3
191 silly packumentCache full:https://registry.npmjs.org/lilconfig cache-miss
192 http fetch GET 200 https://registry.npmjs.org/browserslist 1316ms (cache miss)
193 silly packumentCache full:https://registry.npmjs.org/browserslist set size:undefined disposed:false
194 silly fetch manifest didyoumean@^1.2.2
195 silly packumentCache full:https://registry.npmjs.org/didyoumean cache-miss
196 http fetch GET 200 https://registry.npmjs.org/resolve 673ms (cache miss)
197 silly packumentCache full:https://registry.npmjs.org/resolve set size:undefined disposed:false
198 silly fetch manifest micromatch@^4.0.8
199 silly packumentCache full:https://registry.npmjs.org/micromatch cache-miss
200 http fetch GET 200 https://registry.npmjs.org/lilconfig 285ms (cache miss)
201 silly packumentCache full:https://registry.npmjs.org/lilconfig set size:undefined disposed:false
202 silly fetch manifest postcss-js@^4.0.1
203 silly packumentCache full:https://registry.npmjs.org/postcss-js cache-miss
204 http fetch GET 200 https://registry.npmjs.org/fast-glob 563ms (cache miss)
205 silly packumentCache full:https://registry.npmjs.org/fast-glob set size:undefined disposed:false
206 silly fetch manifest glob-parent@^6.0.2
207 silly packumentCache full:https://registry.npmjs.org/glob-parent cache-miss
208 http fetch GET 200 https://registry.npmjs.org/chokidar 672ms (cache miss)
209 silly packumentCache full:https://registry.npmjs.org/chokidar set size:undefined disposed:false
210 silly fetch manifest object-hash@^3.0.0
211 silly packumentCache full:https://registry.npmjs.org/object-hash cache-miss
212 http fetch GET 200 https://registry.npmjs.org/didyoumean 91ms (cache miss)
213 silly packumentCache full:https://registry.npmjs.org/didyoumean set size:undefined disposed:false
214 silly fetch manifest normalize-path@^3.0.0
215 silly packumentCache full:https://registry.npmjs.org/normalize-path cache-miss
216 http fetch GET 200 https://registry.npmjs.org/normalize-path 200ms (cache miss)
217 silly packumentCache full:https://registry.npmjs.org/normalize-path set size:undefined disposed:false
218 silly fetch manifest postcss-import@^15.1.0
219 silly packumentCache full:https://registry.npmjs.org/postcss-import cache-miss
220 http fetch GET 200 https://registry.npmjs.org/sucrase 965ms (cache miss)
221 silly packumentCache full:https://registry.npmjs.org/sucrase set size:undefined disposed:false
222 silly fetch manifest postcss-nested@^6.2.0
223 silly packumentCache full:https://registry.npmjs.org/postcss-nested cache-miss
224 http fetch GET 200 https://registry.npmjs.org/glob-parent 283ms (cache miss)
225 silly packumentCache full:https://registry.npmjs.org/glob-parent set size:undefined disposed:false
226 silly fetch manifest @alloc/quick-lru@^5.2.0
227 silly packumentCache full:https://registry.npmjs.org/@alloc%2fquick-lru cache-miss
228 http fetch GET 200 https://registry.npmjs.org/postcss-js 330ms (cache miss)
229 silly packumentCache full:https://registry.npmjs.org/postcss-js set size:undefined disposed:false
230 silly fetch manifest postcss-load-config@^4.0.2 || ^5.0 || ^6.0
231 silly packumentCache full:https://registry.npmjs.org/postcss-load-config cache-miss
232 http fetch GET 200 https://registry.npmjs.org/object-hash 305ms (cache miss)
233 silly packumentCache full:https://registry.npmjs.org/object-hash set size:undefined disposed:false
234 silly fetch manifest postcss-selector-parser@^6.1.2
235 silly packumentCache full:https://registry.npmjs.org/postcss-selector-parser cache-miss
236 http fetch GET 200 https://registry.npmjs.org/postcss-import 108ms (cache miss)
237 silly packumentCache full:https://registry.npmjs.org/postcss-import set size:undefined disposed:false
238 http fetch GET 200 https://registry.npmjs.org/micromatch 451ms (cache miss)
239 silly packumentCache full:https://registry.npmjs.org/micromatch set size:undefined disposed:false
240 http fetch GET 200 https://registry.npmjs.org/postcss-nested 282ms (cache miss)
241 silly packumentCache full:https://registry.npmjs.org/postcss-nested set size:undefined disposed:false
242 http fetch GET 200 https://registry.npmjs.org/postcss-load-config 273ms (cache miss)
243 silly packumentCache full:https://registry.npmjs.org/postcss-load-config set size:undefined disposed:false
244 http fetch GET 200 https://registry.npmjs.org/postcss-selector-parser 270ms (cache miss)
245 silly packumentCache full:https://registry.npmjs.org/postcss-selector-parser set size:undefined disposed:false
246 http fetch GET 200 https://registry.npmjs.org/@alloc%2fquick-lru 321ms (cache miss)
247 silly packumentCache full:https://registry.npmjs.org/@alloc%2fquick-lru set size:undefined disposed:false
248 http fetch GET 200 https://registry.npmjs.org/caniuse-lite 3231ms (cache miss)
249 silly packumentCache full:https://registry.npmjs.org/caniuse-lite set size:undefined disposed:false
250 http fetch GET 200 https://registry.npmjs.org/react-refresh 3786ms (cache miss)
251 silly packumentCache full:https://registry.npmjs.org/react-refresh set size:undefined disposed:false
252 http fetch GET 200 https://registry.npmjs.org/esbuild 3983ms (cache miss)
253 silly packumentCache full:https://registry.npmjs.org/esbuild set size:undefined disposed:false
254 http fetch GET 200 https://registry.npmjs.org/rollup 4256ms (cache miss)
255 silly packumentCache full:https://registry.npmjs.org/rollup set size:undefined disposed:false
256 http fetch GET 200 https://registry.npmjs.org/scheduler 4622ms (cache miss)
257 silly packumentCache full:https://registry.npmjs.org/scheduler set size:undefined disposed:false
258 silly placeDep ROOT @babel/core@7.29.7 OK for: @vitejs/plugin-react@4.7.0 want: ^7.28.0
259 silly placeDep ROOT @babel/plugin-transform-react-jsx-self@7.29.7 OK for: @vitejs/plugin-react@4.7.0 want: ^7.27.1
260 silly placeDep ROOT @babel/plugin-transform-react-jsx-source@7.29.7 OK for: @vitejs/plugin-react@4.7.0 want: ^7.27.1
261 silly placeDep ROOT @rolldown/pluginutils@1.0.0-beta.27 OK for: @vitejs/plugin-react@4.7.0 want: 1.0.0-beta.27
262 silly placeDep ROOT @types/babel__core@7.20.5 OK for: @vitejs/plugin-react@4.7.0 want: ^7.20.5
263 silly placeDep ROOT react-refresh@0.17.0 OK for: @vitejs/plugin-react@4.7.0 want: ^0.17.0
264 silly fetch manifest debug@^4.1.0
265 silly packumentCache full:https://registry.npmjs.org/debug cache-miss
266 silly fetch manifest json5@^2.2.3
267 silly packumentCache full:https://registry.npmjs.org/json5 cache-miss
268 silly fetch manifest semver@^6.3.1
269 silly packumentCache full:https://registry.npmjs.org/semver cache-miss
270 silly fetch manifest gensync@^1.0.0-beta.2
271 silly packumentCache full:https://registry.npmjs.org/gensync cache-miss
272 silly fetch manifest @babel/types@^7.29.7
273 silly packumentCache full:https://registry.npmjs.org/@babel%2ftypes cache-miss
274 silly fetch manifest @babel/parser@^7.29.7
275 silly packumentCache full:https://registry.npmjs.org/@babel%2fparser cache-miss
276 silly fetch manifest @babel/helpers@^7.29.7
277 silly packumentCache full:https://registry.npmjs.org/@babel%2fhelpers cache-miss
278 silly fetch manifest @babel/template@^7.29.7
279 silly packumentCache full:https://registry.npmjs.org/@babel%2ftemplate cache-miss
280 silly fetch manifest @babel/traverse@^7.29.7
281 silly packumentCache full:https://registry.npmjs.org/@babel%2ftraverse cache-miss
282 silly fetch manifest @babel/generator@^7.29.7
283 silly packumentCache full:https://registry.npmjs.org/@babel%2fgenerator cache-miss
284 silly fetch manifest @babel/code-frame@^7.29.7
285 silly packumentCache full:https://registry.npmjs.org/@babel%2fcode-frame cache-miss
286 http cache https://registry.npmjs.org/debug 36ms (cache hit)
287 silly packumentCache full:https://registry.npmjs.org/debug set size:195840 disposed:false
288 silly fetch manifest convert-source-map@^2.0.0
289 silly packumentCache full:https://registry.npmjs.org/convert-source-map cache-miss
290 http fetch GET 200 https://registry.npmjs.org/gensync 86ms (cache miss)
291 silly packumentCache full:https://registry.npmjs.org/gensync set size:undefined disposed:false
292 silly fetch manifest @jridgewell/remapping@^2.3.5
293 silly packumentCache full:https://registry.npmjs.org/@jridgewell%2fremapping cache-miss
294 http fetch GET 200 https://registry.npmjs.org/convert-source-map 68ms (cache miss)
295 silly packumentCache full:https://registry.npmjs.org/convert-source-map set size:undefined disposed:false
296 silly fetch manifest @babel/helper-module-transforms@^7.29.7
297 silly packumentCache full:https://registry.npmjs.org/@babel%2fhelper-module-transforms cache-miss
298 http fetch GET 200 https://registry.npmjs.org/json5 116ms (cache miss)
299 silly packumentCache full:https://registry.npmjs.org/json5 set size:undefined disposed:false
300 silly fetch manifest @babel/helper-compilation-targets@^7.29.7
301 silly packumentCache full:https://registry.npmjs.org/@babel%2fhelper-compilation-targets cache-miss
302 http fetch GET 200 https://registry.npmjs.org/@babel%2fparser 202ms (cache miss)
303 silly packumentCache full:https://registry.npmjs.org/@babel%2fparser set size:undefined disposed:false
304 silly fetch manifest @babel/helper-plugin-utils@^7.29.7
305 silly packumentCache full:https://registry.npmjs.org/@babel%2fhelper-plugin-utils cache-miss
306 http fetch GET 200 https://registry.npmjs.org/@babel%2fcode-frame 219ms (cache miss)
307 silly packumentCache full:https://registry.npmjs.org/@babel%2fcode-frame set size:undefined disposed:false
308 silly fetch manifest @babel/helper-plugin-utils@^7.29.7
309 silly packumentCache full:https://registry.npmjs.org/@babel%2fhelper-plugin-utils cache-miss
310 http fetch GET 200 https://registry.npmjs.org/@jridgewell%2fremapping 141ms (cache miss)
311 silly packumentCache full:https://registry.npmjs.org/@jridgewell%2fremapping set size:undefined disposed:false
312 silly fetch manifest @babel/types@^7.20.7
313 silly packumentCache full:https://registry.npmjs.org/@babel%2ftypes cache-miss
314 http fetch GET 200 https://registry.npmjs.org/@babel%2ftemplate 250ms (cache miss)
315 silly packumentCache full:https://registry.npmjs.org/@babel%2ftemplate set size:undefined disposed:false
316 silly fetch manifest @babel/parser@^7.20.7
317 silly packumentCache full:https://registry.npmjs.org/@babel%2fparser cache-miss
318 http fetch GET 200 https://registry.npmjs.org/@babel%2fhelper-compilation-targets 163ms (cache miss)
319 silly packumentCache full:https://registry.npmjs.org/@babel%2fhelper-compilation-targets set size:undefined disposed:false
320 silly fetch manifest @types/babel__template@*
321 silly packumentCache full:https://registry.npmjs.org/@types%2fbabel__template cache-miss
322 http cache https://registry.npmjs.org/@babel%2fparser 32ms (cache hit)
323 silly packumentCache full:https://registry.npmjs.org/@babel%2fparser set size:737961 disposed:false
324 silly fetch manifest @types/babel__traverse@*
325 silly packumentCache full:https://registry.npmjs.org/@types%2fbabel__traverse cache-miss
326 http fetch GET 200 https://registry.npmjs.org/@babel%2fhelper-module-transforms 222ms (cache miss)
327 silly packumentCache full:https://registry.npmjs.org/@babel%2fhelper-module-transforms set size:undefined disposed:false
328 silly fetch manifest @types/babel__generator@*
329 silly packumentCache full:https://registry.npmjs.org/@types%2fbabel__generator cache-miss
330 http fetch GET 200 https://registry.npmjs.org/@babel%2ftypes 342ms (cache miss)
331 silly packumentCache full:https://registry.npmjs.org/@babel%2ftypes set size:undefined disposed:false
332 http fetch GET 200 https://registry.npmjs.org/@babel%2fhelper-plugin-utils 134ms (cache miss)
333 silly packumentCache full:https://registry.npmjs.org/@babel%2fhelper-plugin-utils set size:undefined disposed:false
334 http fetch GET 200 https://registry.npmjs.org/@babel%2fhelpers 353ms (cache miss)
335 silly packumentCache full:https://registry.npmjs.org/@babel%2fhelpers set size:undefined disposed:false
336 http fetch GET 200 https://registry.npmjs.org/@babel%2ftraverse 358ms (cache miss)
337 silly packumentCache full:https://registry.npmjs.org/@babel%2ftraverse set size:undefined disposed:false
338 http fetch GET 200 https://registry.npmjs.org/@babel%2fhelper-plugin-utils 140ms (cache miss)
339 silly packumentCache full:https://registry.npmjs.org/@babel%2fhelper-plugin-utils set size:undefined disposed:false
340 http fetch GET 200 https://registry.npmjs.org/@types%2fbabel__generator 53ms (cache miss)
341 silly packumentCache full:https://registry.npmjs.org/@types%2fbabel__generator set size:undefined disposed:false
342 http fetch GET 200 https://registry.npmjs.org/@types%2fbabel__template 109ms (cache miss)
343 silly packumentCache full:https://registry.npmjs.org/@types%2fbabel__template set size:undefined disposed:false
344 http fetch GET 200 https://registry.npmjs.org/@types%2fbabel__traverse 143ms (cache miss)
345 silly packumentCache full:https://registry.npmjs.org/@types%2fbabel__traverse set size:undefined disposed:false
346 http fetch GET 200 https://registry.npmjs.org/semver 458ms (cache miss)
347 silly packumentCache full:https://registry.npmjs.org/semver set size:undefined disposed:false
348 http fetch GET 200 https://registry.npmjs.org/@babel%2ftypes 270ms (cache miss)
349 silly packumentCache full:https://registry.npmjs.org/@babel%2ftypes set size:undefined disposed:false
350 http fetch GET 200 https://registry.npmjs.org/@babel%2fgenerator 1401ms (cache miss)
351 silly packumentCache full:https://registry.npmjs.org/@babel%2fgenerator set size:undefined disposed:false
352 silly fetch manifest @babel/core@^7.0.0
353 silly packumentCache full:https://registry.npmjs.org/@babel%2fcore cache-miss
354 http cache https://registry.npmjs.org/@babel%2fcore 14ms (cache hit)
355 silly packumentCache full:https://registry.npmjs.org/@babel%2fcore set size:788273 disposed:false
356 silly placeDep ROOT @babel/code-frame@7.29.7 OK for: @babel/core@7.29.7 want: ^7.29.7
357 silly placeDep ROOT @babel/generator@7.29.8 OK for: @babel/core@7.29.7 want: ^7.29.7
358 silly placeDep ROOT @babel/helper-compilation-targets@7.29.7 OK for: @babel/core@7.29.7 want: ^7.29.7
359 silly placeDep ROOT @babel/helper-module-transforms@7.29.7 OK for: @babel/core@7.29.7 want: ^7.29.7
360 silly placeDep ROOT @babel/helpers@7.29.7 OK for: @babel/core@7.29.7 want: ^7.29.7
361 silly placeDep ROOT @babel/parser@7.29.8 OK for: @babel/core@7.29.7 want: ^7.29.7
362 silly placeDep ROOT @babel/template@7.29.7 OK for: @babel/core@7.29.7 want: ^7.29.7
363 silly placeDep ROOT @babel/traverse@7.29.8 OK for: @babel/core@7.29.7 want: ^7.29.7
364 silly placeDep ROOT @babel/types@7.29.8 OK for: @babel/core@7.29.7 want: ^7.29.7
365 silly placeDep ROOT @jridgewell/remapping@2.3.5 OK for: @babel/core@7.29.7 want: ^2.3.5
366 silly placeDep ROOT convert-source-map@2.0.0 OK for: @babel/core@7.29.7 want: ^2.0.0
367 silly placeDep ROOT debug@4.4.3 OK for: @babel/core@7.29.7 want: ^4.1.0
368 silly placeDep ROOT gensync@1.0.0-beta.2 OK for: @babel/core@7.29.7 want: ^1.0.0-beta.2
369 silly placeDep ROOT json5@2.2.3 OK for: @babel/core@7.29.7 want: ^2.2.3
370 silly placeDep ROOT semver@6.3.1 OK for: @babel/core@7.29.7 want: ^6.3.1
371 silly fetch manifest js-tokens@^4.0.0
372 silly packumentCache full:https://registry.npmjs.org/js-tokens cache-miss
373 silly fetch manifest @babel/helper-validator-identifier@^7.29.7
374 silly packumentCache full:https://registry.npmjs.org/@babel%2fhelper-validator-identifier cache-miss
375 silly fetch manifest jsesc@^3.0.2
376 silly packumentCache full:https://registry.npmjs.org/jsesc cache-miss
377 silly fetch manifest @babel/types@^7.29.8
378 silly packumentCache full:https://registry.npmjs.org/@babel%2ftypes cache-miss
379 silly fetch manifest @babel/parser@^7.29.8
380 silly packumentCache full:https://registry.npmjs.org/@babel%2fparser cache-hit
381 silly fetch manifest @jridgewell/gen-mapping@^0.3.12
382 silly packumentCache full:https://registry.npmjs.org/@jridgewell%2fgen-mapping cache-miss
383 silly fetch manifest @jridgewell/trace-mapping@^0.3.28
384 silly packumentCache full:https://registry.npmjs.org/@jridgewell%2ftrace-mapping cache-miss
385 silly fetch manifest lru-cache@^5.1.1
386 silly packumentCache full:https://registry.npmjs.org/lru-cache cache-miss
387 silly fetch manifest browserslist@^4.24.0
388 silly packumentCache full:https://registry.npmjs.org/browserslist cache-miss
389 silly fetch manifest @babel/compat-data@^7.29.7
390 silly packumentCache full:https://registry.npmjs.org/@babel%2fcompat-data cache-miss
391 silly fetch manifest @babel/helper-validator-option@^7.29.7
392 silly packumentCache full:https://registry.npmjs.org/@babel%2fhelper-validator-option cache-miss
393 silly fetch manifest @babel/helper-module-imports@^7.29.7
394 silly packumentCache full:https://registry.npmjs.org/@babel%2fhelper-module-imports cache-miss
395 http cache https://registry.npmjs.org/browserslist 32ms (cache hit)
396 silly packumentCache full:https://registry.npmjs.org/browserslist set size:518659 disposed:false
397 silly fetch manifest @babel/helper-validator-identifier@^7.29.7
398 silly packumentCache full:https://registry.npmjs.org/@babel%2fhelper-validator-identifier cache-miss
399 http cache https://registry.npmjs.org/@babel%2ftypes 47ms (cache hit)
400 silly packumentCache full:https://registry.npmjs.org/@babel%2ftypes set size:502938 disposed:false
401 silly fetch manifest debug@^4.3.1
402 silly packumentCache full:https://registry.npmjs.org/debug cache-hit
403 silly fetch manifest @babel/helper-globals@^7.29.7
404 silly packumentCache full:https://registry.npmjs.org/@babel%2fhelper-globals cache-miss
405 http fetch GET 200 https://registry.npmjs.org/jsesc 146ms (cache miss)
406 silly packumentCache full:https://registry.npmjs.org/jsesc set size:undefined disposed:false
407 silly fetch manifest @babel/helper-string-parser@^7.29.7
408 silly packumentCache full:https://registry.npmjs.org/@babel%2fhelper-string-parser cache-miss
409 http fetch GET 200 https://registry.npmjs.org/@jridgewell%2fgen-mapping 157ms (cache miss)
410 silly packumentCache full:https://registry.npmjs.org/@jridgewell%2fgen-mapping set size:undefined disposed:false
411 silly fetch manifest @babel/helper-validator-identifier@^7.29.7
412 silly packumentCache full:https://registry.npmjs.org/@babel%2fhelper-validator-identifier cache-miss
413 http fetch GET 200 https://registry.npmjs.org/@babel%2fhelper-validator-option 153ms (cache miss)
414 silly packumentCache full:https://registry.npmjs.org/@babel%2fhelper-validator-option set size:undefined disposed:false
415 silly fetch manifest @jridgewell/gen-mapping@^0.3.5
416 silly packumentCache full:https://registry.npmjs.org/@jridgewell%2fgen-mapping cache-miss
417 http fetch GET 200 https://registry.npmjs.org/js-tokens 172ms (cache miss)
418 silly packumentCache full:https://registry.npmjs.org/js-tokens set size:undefined disposed:false
419 silly fetch manifest @jridgewell/trace-mapping@^0.3.24
420 silly packumentCache full:https://registry.npmjs.org/@jridgewell%2ftrace-mapping cache-miss
421 http fetch GET 200 https://registry.npmjs.org/@jridgewell%2ftrace-mapping 225ms (cache miss)
422 silly packumentCache full:https://registry.npmjs.org/@jridgewell%2ftrace-mapping set size:undefined disposed:false
423 silly fetch manifest ms@^2.1.3
424 silly packumentCache full:https://registry.npmjs.org/ms cache-miss
425 http fetch GET 200 https://registry.npmjs.org/@babel%2fhelper-globals 182ms (cache miss)
426 silly packumentCache full:https://registry.npmjs.org/@babel%2fhelper-globals set size:undefined disposed:false
427 http cache https://registry.npmjs.org/@jridgewell%2fgen-mapping 78ms (cache hit)
428 silly packumentCache full:https://registry.npmjs.org/@jridgewell%2fgen-mapping set size:75941 disposed:false
429 http fetch GET 200 https://registry.npmjs.org/@babel%2fcompat-data 239ms (cache miss)
430 silly packumentCache full:https://registry.npmjs.org/@babel%2fcompat-data set size:undefined disposed:false
431 http fetch GET 200 https://registry.npmjs.org/@babel%2fhelper-validator-identifier 212ms (cache miss)
432 silly packumentCache full:https://registry.npmjs.org/@babel%2fhelper-validator-identifier set size:undefined disposed:false
433 http fetch GET 200 https://registry.npmjs.org/@babel%2fhelper-validator-identifier 265ms (cache miss)
434 silly packumentCache full:https://registry.npmjs.org/@babel%2fhelper-validator-identifier set size:undefined disposed:false
435 http cache https://registry.npmjs.org/ms 43ms (cache hit)
436 silly packumentCache full:https://registry.npmjs.org/ms set size:92208 disposed:false
437 http fetch GET 200 https://registry.npmjs.org/@babel%2fhelper-module-imports 316ms (cache miss)
438 silly packumentCache full:https://registry.npmjs.org/@babel%2fhelper-module-imports set size:undefined disposed:false
439 http fetch GET 200 https://registry.npmjs.org/@babel%2fhelper-validator-identifier 182ms (cache miss)
440 silly packumentCache full:https://registry.npmjs.org/@babel%2fhelper-validator-identifier set size:undefined disposed:false
441 http fetch GET 200 https://registry.npmjs.org/@babel%2fhelper-string-parser 206ms (cache miss)
442 silly packumentCache full:https://registry.npmjs.org/@babel%2fhelper-string-parser set size:undefined disposed:false
443 http fetch GET 200 https://registry.npmjs.org/@jridgewell%2ftrace-mapping 229ms (cache miss)
444 silly packumentCache full:https://registry.npmjs.org/@jridgewell%2ftrace-mapping set size:undefined disposed:false
445 http fetch GET 200 https://registry.npmjs.org/lru-cache 401ms (cache miss)
446 silly packumentCache full:https://registry.npmjs.org/lru-cache set size:undefined disposed:false
447 silly placeDep ROOT @babel/helper-validator-identifier@7.29.7 OK for: @babel/code-frame@7.29.7 want: ^7.29.7
448 silly placeDep ROOT js-tokens@4.0.0 OK for: @babel/code-frame@7.29.7 want: ^4.0.0
449 silly placeDep ROOT picocolors@1.1.1 OK for: @babel/code-frame@7.29.7 want: ^1.1.1
450 silly placeDep ROOT @jridgewell/gen-mapping@0.3.13 OK for: @babel/generator@7.29.8 want: ^0.3.12
451 silly placeDep ROOT @jridgewell/trace-mapping@0.3.31 OK for: @babel/generator@7.29.8 want: ^0.3.28
452 silly placeDep ROOT jsesc@3.1.0 OK for: @babel/generator@7.29.8 want: ^3.0.2
453 silly fetch manifest @jridgewell/sourcemap-codec@^1.5.0
454 silly packumentCache full:https://registry.npmjs.org/@jridgewell%2fsourcemap-codec cache-miss
455 silly fetch manifest @jridgewell/resolve-uri@^3.1.0
456 silly packumentCache full:https://registry.npmjs.org/@jridgewell%2fresolve-uri cache-miss
457 silly fetch manifest @jridgewell/sourcemap-codec@^1.4.14
458 silly packumentCache full:https://registry.npmjs.org/@jridgewell%2fsourcemap-codec cache-miss
459 http fetch GET 200 https://registry.npmjs.org/@jridgewell%2fresolve-uri 115ms (cache miss)
460 silly packumentCache full:https://registry.npmjs.org/@jridgewell%2fresolve-uri set size:undefined disposed:false
461 http fetch GET 200 https://registry.npmjs.org/@jridgewell%2fsourcemap-codec 117ms (cache miss)
462 silly packumentCache full:https://registry.npmjs.org/@jridgewell%2fsourcemap-codec set size:undefined disposed:false
463 http fetch GET 200 https://registry.npmjs.org/@jridgewell%2fsourcemap-codec 121ms (cache miss)
464 silly packumentCache full:https://registry.npmjs.org/@jridgewell%2fsourcemap-codec set size:undefined disposed:false
465 silly placeDep ROOT @babel/compat-data@7.29.7 OK for: @babel/helper-compilation-targets@7.29.7 want: ^7.29.7
466 silly placeDep ROOT @babel/helper-validator-option@7.29.7 OK for: @babel/helper-compilation-targets@7.29.7 want: ^7.29.7
467 silly placeDep ROOT browserslist@4.28.8 OK for: @babel/helper-compilation-targets@7.29.7 want: ^4.24.0
468 silly placeDep ROOT lru-cache@5.1.1 OK for: @babel/helper-compilation-targets@7.29.7 want: ^5.1.1
469 silly fetch manifest caniuse-lite@^1.0.30001809
470 silly packumentCache full:https://registry.npmjs.org/caniuse-lite cache-miss
471 silly fetch manifest node-releases@^2.0.53
472 silly packumentCache full:https://registry.npmjs.org/node-releases cache-miss
473 silly fetch manifest electron-to-chromium@^1.5.402
474 silly packumentCache full:https://registry.npmjs.org/electron-to-chromium cache-miss
475 silly fetch manifest update-browserslist-db@^1.3.0
476 silly packumentCache full:https://registry.npmjs.org/update-browserslist-db cache-miss
477 silly fetch manifest baseline-browser-mapping@^2.11.12
478 silly packumentCache full:https://registry.npmjs.org/baseline-browser-mapping cache-miss
479 silly fetch manifest yallist@^3.0.2
480 silly packumentCache full:https://registry.npmjs.org/yallist cache-miss
481 http cache https://registry.npmjs.org/caniuse-lite 31ms (cache hit)
482 silly packumentCache full:https://registry.npmjs.org/caniuse-lite set size:2311190 disposed:false
483 http fetch GET 200 https://registry.npmjs.org/yallist 63ms (cache miss)
484 silly packumentCache full:https://registry.npmjs.org/yallist set size:undefined disposed:false
485 http fetch GET 200 https://registry.npmjs.org/update-browserslist-db 88ms (cache miss)
486 silly packumentCache full:https://registry.npmjs.org/update-browserslist-db set size:undefined disposed:false
487 http fetch GET 200 https://registry.npmjs.org/node-releases 199ms (cache miss)
488 silly packumentCache full:https://registry.npmjs.org/node-releases set size:undefined disposed:false
489 http fetch GET 200 https://registry.npmjs.org/baseline-browser-mapping 453ms (cache miss)
490 silly packumentCache full:https://registry.npmjs.org/baseline-browser-mapping set size:undefined disposed:false
491 http fetch GET 200 https://registry.npmjs.org/electron-to-chromium 4243ms (cache miss)
492 silly packumentCache full:https://registry.npmjs.org/electron-to-chromium set size:undefined disposed:false
493 silly placeDep ROOT @babel/helper-module-imports@7.29.7 OK for: @babel/helper-module-transforms@7.29.7 want: ^7.29.7
494 silly placeDep ROOT @babel/helper-plugin-utils@7.29.7 OK for: @babel/plugin-transform-react-jsx-self@7.29.7 want: ^7.29.7
495 silly placeDep ROOT @babel/helper-globals@7.29.7 OK for: @babel/traverse@7.29.8 want: ^7.29.7
496 silly placeDep ROOT @babel/helper-string-parser@7.29.7 OK for: @babel/types@7.29.8 want: ^7.29.7
497 silly placeDep ROOT @jridgewell/sourcemap-codec@1.5.5 OK for: @jridgewell/gen-mapping@0.3.13 want: ^1.5.0
498 silly placeDep ROOT @jridgewell/resolve-uri@3.1.2 OK for: @jridgewell/trace-mapping@0.3.31 want: ^3.1.0
499 silly placeDep ROOT @types/babel__generator@7.27.0 OK for: @types/babel__core@7.20.5 want: *
500 silly placeDep ROOT @types/babel__template@7.4.4 OK for: @types/babel__core@7.20.5 want: *
501 silly placeDep ROOT @types/babel__traverse@7.28.0 OK for: @types/babel__core@7.20.5 want: *
502 silly placeDep ROOT caniuse-lite@1.0.30001809 OK for: autoprefixer@10.5.4 want: ^1.0.30001806
503 silly placeDep ROOT fraction.js@5.3.4 OK for: autoprefixer@10.5.4 want: ^5.3.4
504 silly placeDep ROOT postcss-value-parser@4.2.0 OK for: autoprefixer@10.5.4 want: ^4.2.0
505 silly fetch manifest browserslist@>= 4.21.0
506 silly packumentCache full:https://registry.npmjs.org/browserslist cache-hit
507 silly placeDep ROOT baseline-browser-mapping@2.11.13 OK for: browserslist@4.28.8 want: ^2.11.12
508 silly placeDep ROOT electron-to-chromium@1.5.403 OK for: browserslist@4.28.8 want: ^1.5.402
509 silly placeDep ROOT node-releases@2.0.53 OK for: browserslist@4.28.8 want: ^2.0.53
510 silly placeDep ROOT update-browserslist-db@1.3.0 OK for: browserslist@4.28.8 want: ^1.3.0
511 silly fetch manifest escalade@^3.2.0
512 silly packumentCache full:https://registry.npmjs.org/escalade cache-miss
513 http fetch GET 200 https://registry.npmjs.org/escalade 41ms (cache miss)
514 silly packumentCache full:https://registry.npmjs.org/escalade set size:undefined disposed:false
515 silly placeDep ROOT ms@2.1.3 OK for: debug@4.4.3 want: ^2.1.3
516 silly placeDep ROOT yallist@3.1.1 OK for: lru-cache@5.1.1 want: ^3.0.2
517 silly placeDep ROOT nanoid@3.3.18 OK for: postcss@8.5.26 want: ^3.3.17
518 silly placeDep ROOT source-map-js@1.2.1 OK for: postcss@8.5.26 want: ^1.2.1
519 silly placeDep ROOT scheduler@0.27.0 OK for: react-dom@19.2.8 want: ^0.27.0
520 silly fetch manifest postcss@^8.4.47
521 silly packumentCache full:https://registry.npmjs.org/postcss cache-hit
522 silly placeDep ROOT @alloc/quick-lru@5.2.0 OK for: tailwindcss@3.4.19 want: ^5.2.0
523 silly placeDep ROOT arg@5.0.2 OK for: tailwindcss@3.4.19 want: ^5.0.2
524 silly placeDep ROOT chokidar@3.6.0 OK for: tailwindcss@3.4.19 want: ^3.6.0
525 silly placeDep ROOT didyoumean@1.2.2 OK for: tailwindcss@3.4.19 want: ^1.2.2
526 silly placeDep ROOT dlv@1.1.3 OK for: tailwindcss@3.4.19 want: ^1.1.3
527 silly placeDep ROOT fast-glob@3.3.3 OK for: tailwindcss@3.4.19 want: ^3.3.2
528 silly placeDep ROOT glob-parent@6.0.2 OK for: tailwindcss@3.4.19 want: ^6.0.2
529 silly placeDep ROOT is-glob@4.0.3 OK for: tailwindcss@3.4.19 want: ^4.0.3
530 silly placeDep ROOT jiti@1.21.7 OK for: tailwindcss@3.4.19 want: ^1.21.7
531 silly placeDep ROOT lilconfig@3.1.3 OK for: tailwindcss@3.4.19 want: ^3.1.3
532 silly placeDep ROOT micromatch@4.0.8 OK for: tailwindcss@3.4.19 want: ^4.0.8
533 silly placeDep ROOT normalize-path@3.0.0 OK for: tailwindcss@3.4.19 want: ^3.0.0
534 silly placeDep ROOT object-hash@3.0.0 OK for: tailwindcss@3.4.19 want: ^3.0.0
535 silly placeDep ROOT postcss-import@15.1.0 OK for: tailwindcss@3.4.19 want: ^15.1.0
536 silly placeDep ROOT postcss-js@4.1.0 OK for: tailwindcss@3.4.19 want: ^4.0.1
537 silly placeDep ROOT postcss-load-config@6.0.1 OK for: tailwindcss@3.4.19 want: ^4.0.2 || ^5.0 || ^6.0
538 silly placeDep ROOT postcss-nested@6.2.0 OK for: tailwindcss@3.4.19 want: ^6.2.0
539 silly placeDep ROOT postcss-selector-parser@6.1.4 OK for: tailwindcss@3.4.19 want: ^6.1.2
540 silly placeDep ROOT resolve@1.22.12 OK for: tailwindcss@3.4.19 want: ^1.22.8
541 silly placeDep ROOT sucrase@3.35.1 OK for: tailwindcss@3.4.19 want: ^3.35.0
542 silly fetch manifest braces@~3.0.2
543 silly packumentCache full:https://registry.npmjs.org/braces cache-miss
544 silly fetch manifest is-glob@~4.0.1
545 silly packumentCache full:https://registry.npmjs.org/is-glob cache-miss
546 silly fetch manifest anymatch@~3.1.2
547 silly packumentCache full:https://registry.npmjs.org/anymatch cache-miss
548 silly fetch manifest readdirp@~3.6.0
549 silly packumentCache full:https://registry.npmjs.org/readdirp cache-miss
550 silly fetch manifest glob-parent@~5.1.2
551 silly packumentCache full:https://registry.npmjs.org/glob-parent cache-miss
552 silly fetch manifest is-binary-path@~2.1.0
553 silly packumentCache full:https://registry.npmjs.org/is-binary-path cache-miss
554 silly fetch manifest normalize-path@~3.0.0
555 silly packumentCache full:https://registry.npmjs.org/normalize-path cache-miss
556 silly fetch manifest fsevents@~2.3.2
557 silly packumentCache full:https://registry.npmjs.org/fsevents cache-miss
558 silly fetch manifest @nodelib/fs.stat@^2.0.2
559 silly packumentCache full:https://registry.npmjs.org/@nodelib%2ffs.stat cache-miss
560 silly fetch manifest @nodelib/fs.walk@^1.2.3
561 silly packumentCache full:https://registry.npmjs.org/@nodelib%2ffs.walk cache-miss
562 silly fetch manifest glob-parent@^5.1.2
563 silly packumentCache full:https://registry.npmjs.org/glob-parent cache-miss
564 http cache https://registry.npmjs.org/glob-parent 29ms (cache hit)
565 silly packumentCache full:https://registry.npmjs.org/glob-parent set size:42445 disposed:false
566 silly fetch manifest merge2@^1.3.0
567 silly packumentCache full:https://registry.npmjs.org/merge2 cache-miss
568 http cache https://registry.npmjs.org/normalize-path 36ms (cache hit)
569 silly packumentCache full:https://registry.npmjs.org/normalize-path set size:28713 disposed:false
570 silly fetch manifest is-extglob@^2.1.1
571 silly packumentCache full:https://registry.npmjs.org/is-extglob cache-miss
572 http cache https://registry.npmjs.org/is-glob 43ms (cache hit)
573 silly packumentCache full:https://registry.npmjs.org/is-glob set size:40530 disposed:false
574 silly fetch manifest braces@^3.0.3
575 silly packumentCache full:https://registry.npmjs.org/braces cache-miss
576 http cache https://registry.npmjs.org/fsevents 45ms (cache hit)
577 silly packumentCache full:https://registry.npmjs.org/fsevents set size:182472 disposed:false
578 silly fetch manifest picomatch@^2.3.1
579 silly packumentCache full:https://registry.npmjs.org/picomatch cache-miss
580 http cache https://registry.npmjs.org/glob-parent 53ms (cache hit)
581 silly packumentCache full:https://registry.npmjs.org/glob-parent set size:42445 disposed:false
582 silly packumentCache full:https://registry.npmjs.org/glob-parent dispose
583 silly fetch manifest resolve@^1.1.7
584 silly packumentCache full:https://registry.npmjs.org/resolve cache-miss
585 http cache https://registry.npmjs.org/picomatch 16ms (cache hit)
586 silly packumentCache full:https://registry.npmjs.org/picomatch set size:128942 disposed:false
587 silly fetch manifest read-cache@^1.0.0
588 silly packumentCache full:https://registry.npmjs.org/read-cache cache-miss
589 http cache https://registry.npmjs.org/resolve 16ms (cache hit)
590 silly packumentCache full:https://registry.npmjs.org/resolve set size:244568 disposed:false
591 silly fetch manifest camelcase-css@^2.0.1
592 silly packumentCache full:https://registry.npmjs.org/camelcase-css cache-miss
593 http fetch GET 200 https://registry.npmjs.org/is-binary-path 138ms (cache miss)
594 silly packumentCache full:https://registry.npmjs.org/is-binary-path set size:undefined disposed:false
595 silly fetch manifest postcss-selector-parser@^6.1.1
596 silly packumentCache full:https://registry.npmjs.org/postcss-selector-parser cache-miss
597 http fetch GET 200 https://registry.npmjs.org/@nodelib%2ffs.stat 139ms (cache miss)
598 silly packumentCache full:https://registry.npmjs.org/@nodelib%2ffs.stat set size:undefined disposed:false
599 silly fetch manifest cssesc@^3.0.0
600 silly packumentCache full:https://registry.npmjs.org/cssesc cache-miss
601 http fetch GET 200 https://registry.npmjs.org/@nodelib%2ffs.walk 144ms (cache miss)
602 silly packumentCache full:https://registry.npmjs.org/@nodelib%2ffs.walk set size:undefined disposed:false
603 silly fetch manifest util-deprecate@^1.0.2
604 silly packumentCache full:https://registry.npmjs.org/util-deprecate cache-miss
605 http fetch GET 200 https://registry.npmjs.org/merge2 116ms (cache miss)
606 silly packumentCache full:https://registry.npmjs.org/merge2 set size:undefined disposed:false
607 silly fetch manifest es-errors@^1.3.0
608 silly packumentCache full:https://registry.npmjs.org/es-errors cache-miss
609 http fetch GET 200 https://registry.npmjs.org/anymatch 159ms (cache miss)
610 silly packumentCache full:https://registry.npmjs.org/anymatch set size:undefined disposed:false
611 silly fetch manifest path-parse@^1.0.7
612 silly packumentCache full:https://registry.npmjs.org/path-parse cache-miss
613 http fetch GET 200 https://registry.npmjs.org/braces 167ms (cache miss)
614 silly packumentCache full:https://registry.npmjs.org/braces set size:undefined disposed:false
615 silly fetch manifest is-core-module@^2.16.1
616 silly packumentCache full:https://registry.npmjs.org/is-core-module cache-miss
617 http fetch GET 200 https://registry.npmjs.org/readdirp 170ms (cache miss)
618 silly packumentCache full:https://registry.npmjs.org/readdirp set size:undefined disposed:false
619 silly fetch manifest supports-preserve-symlinks-flag@^1.0.0
620 silly packumentCache full:https://registry.npmjs.org/supports-preserve-symlinks-flag cache-miss
621 http fetch GET 200 https://registry.npmjs.org/camelcase-css 98ms (cache miss)
622 silly packumentCache full:https://registry.npmjs.org/camelcase-css set size:undefined disposed:false
623 silly fetch manifest commander@^4.0.0
624 silly packumentCache full:https://registry.npmjs.org/commander cache-miss
625 http fetch GET 200 https://registry.npmjs.org/read-cache 112ms (cache miss)
626 silly packumentCache full:https://registry.npmjs.org/read-cache set size:undefined disposed:false
627 silly fetch manifest lines-and-columns@^1.1.6
628 silly packumentCache full:https://registry.npmjs.org/lines-and-columns cache-miss
629 http cache https://registry.npmjs.org/postcss-selector-parser 48ms (cache hit)
630 silly packumentCache full:https://registry.npmjs.org/postcss-selector-parser set size:196939 disposed:false
631 silly fetch manifest mz@^2.7.0
632 silly packumentCache full:https://registry.npmjs.org/mz cache-miss
633 http cache https://registry.npmjs.org/es-errors 40ms (cache hit)
634 silly packumentCache full:https://registry.npmjs.org/es-errors set size:16918 disposed:false
635 silly fetch manifest pirates@^4.0.1
636 silly packumentCache full:https://registry.npmjs.org/pirates cache-miss
637 http fetch GET 200 https://registry.npmjs.org/braces 195ms (cache miss)
638 silly packumentCache full:https://registry.npmjs.org/braces set size:undefined disposed:false
639 silly fetch manifest tinyglobby@^0.2.11
640 silly packumentCache full:https://registry.npmjs.org/tinyglobby cache-miss
641 http fetch GET 200 https://registry.npmjs.org/util-deprecate 93ms (cache miss)
642 silly packumentCache full:https://registry.npmjs.org/util-deprecate set size:undefined disposed:false
643 silly fetch manifest ts-interface-checker@^0.1.9
644 silly packumentCache full:https://registry.npmjs.org/ts-interface-checker cache-miss
645 http fetch GET 200 https://registry.npmjs.org/supports-preserve-symlinks-flag 74ms (cache miss)
646 silly packumentCache full:https://registry.npmjs.org/supports-preserve-symlinks-flag set size:undefined disposed:false
647 http fetch GET 200 https://registry.npmjs.org/cssesc 103ms (cache miss)
648 silly packumentCache full:https://registry.npmjs.org/cssesc set size:undefined disposed:false
649 http fetch GET 200 https://registry.npmjs.org/mz 57ms (cache miss)
650 silly packumentCache full:https://registry.npmjs.org/mz set size:undefined disposed:false
651 http fetch GET 200 https://registry.npmjs.org/path-parse 93ms (cache miss)
652 silly packumentCache full:https://registry.npmjs.org/path-parse set size:undefined disposed:false
653 http cache https://registry.npmjs.org/tinyglobby 20ms (cache hit)
654 silly packumentCache full:https://registry.npmjs.org/tinyglobby set size:54291 disposed:false
655 http fetch GET 200 https://registry.npmjs.org/commander 114ms (cache miss)
656 silly packumentCache full:https://registry.npmjs.org/commander set size:undefined disposed:false
657 http fetch GET 200 https://registry.npmjs.org/pirates 98ms (cache miss)
658 silly packumentCache full:https://registry.npmjs.org/pirates set size:undefined disposed:false
659 http fetch GET 200 https://registry.npmjs.org/is-core-module 134ms (cache miss)
660 silly packumentCache full:https://registry.npmjs.org/is-core-module set size:undefined disposed:false
661 http fetch GET 200 https://registry.npmjs.org/lines-and-columns 117ms (cache miss)
662 silly packumentCache full:https://registry.npmjs.org/lines-and-columns set size:undefined disposed:false
663 http fetch GET 200 https://registry.npmjs.org/ts-interface-checker 66ms (cache miss)
664 silly packumentCache full:https://registry.npmjs.org/ts-interface-checker set size:undefined disposed:false
665 http fetch GET 200 https://registry.npmjs.org/is-extglob 336ms (cache miss)
666 silly packumentCache full:https://registry.npmjs.org/is-extglob set size:undefined disposed:false
667 silly placeDep ROOT anymatch@3.1.3 OK for: chokidar@3.6.0 want: ~3.1.2
668 silly placeDep ROOT braces@3.0.3 OK for: chokidar@3.6.0 want: ~3.0.2
669 silly placeDep ROOT fsevents@2.3.3 OK for: chokidar@3.6.0 want: ~2.3.2
670 silly placeDep node_modules/chokidar glob-parent@5.1.2 OK for: chokidar@3.6.0 want: ~5.1.2
671 silly placeDep ROOT is-binary-path@2.1.0 OK for: chokidar@3.6.0 want: ~2.1.0
672 silly placeDep ROOT readdirp@3.6.0 OK for: chokidar@3.6.0 want: ~3.6.0
673 silly fetch manifest picomatch@^2.0.4
674 silly packumentCache full:https://registry.npmjs.org/picomatch cache-hit
675 silly fetch manifest fill-range@^7.1.1
676 silly packumentCache full:https://registry.npmjs.org/fill-range cache-miss
677 silly fetch manifest binary-extensions@^2.0.0
678 silly packumentCache full:https://registry.npmjs.org/binary-extensions cache-miss
679 silly fetch manifest picomatch@^2.2.1
680 silly packumentCache full:https://registry.npmjs.org/picomatch cache-hit
681 http fetch GET 200 https://registry.npmjs.org/binary-extensions 37ms (cache miss)
682 silly packumentCache full:https://registry.npmjs.org/binary-extensions set size:undefined disposed:false
683 http fetch GET 200 https://registry.npmjs.org/fill-range 68ms (cache miss)
684 silly packumentCache full:https://registry.npmjs.org/fill-range set size:undefined disposed:false
685 silly placeDep ROOT picomatch@2.3.2 OK for: anymatch@3.1.3 want: ^2.0.4
686 silly placeDep ROOT fill-range@7.1.1 OK for: braces@3.0.3 want: ^7.1.1
687 silly fetch manifest to-regex-range@^5.0.1
688 silly packumentCache full:https://registry.npmjs.org/to-regex-range cache-miss
689 http fetch GET 200 https://registry.npmjs.org/to-regex-range 59ms (cache miss)
690 silly packumentCache full:https://registry.npmjs.org/to-regex-range set size:undefined disposed:false
691 silly placeDep ROOT @nodelib/fs.stat@2.0.5 OK for: fast-glob@3.3.3 want: ^2.0.2
692 silly placeDep ROOT @nodelib/fs.walk@1.2.8 OK for: fast-glob@3.3.3 want: ^1.2.3
693 silly placeDep node_modules/fast-glob glob-parent@5.1.2 OK for: fast-glob@3.3.3 want: ^5.1.2
694 silly placeDep ROOT merge2@1.4.1 OK for: fast-glob@3.3.3 want: ^1.3.0
695 silly fetch manifest fastq@^1.6.0
696 silly packumentCache full:https://registry.npmjs.org/fastq cache-miss
697 silly fetch manifest @nodelib/fs.scandir@2.1.5
698 silly packumentCache full:https://registry.npmjs.org/@nodelib%2ffs.scandir cache-miss
699 http fetch GET 200 https://registry.npmjs.org/@nodelib%2ffs.scandir 90ms (cache miss)
700 silly packumentCache full:https://registry.npmjs.org/@nodelib%2ffs.scandir set size:undefined disposed:false
701 http fetch GET 200 https://registry.npmjs.org/fastq 93ms (cache miss)
702 silly packumentCache full:https://registry.npmjs.org/fastq set size:undefined disposed:false
703 silly placeDep ROOT @nodelib/fs.scandir@2.1.5 OK for: @nodelib/fs.walk@1.2.8 want: 2.1.5
704 silly placeDep ROOT fastq@1.20.1 OK for: @nodelib/fs.walk@1.2.8 want: ^1.6.0
705 silly fetch manifest run-parallel@^1.1.9
706 silly packumentCache full:https://registry.npmjs.org/run-parallel cache-miss
707 silly fetch manifest reusify@^1.0.4
708 silly packumentCache full:https://registry.npmjs.org/reusify cache-miss
709 http fetch GET 200 https://registry.npmjs.org/reusify 425ms (cache miss)
710 silly packumentCache full:https://registry.npmjs.org/reusify set size:undefined disposed:false
711 http fetch GET 200 https://registry.npmjs.org/run-parallel 430ms (cache miss)
712 silly packumentCache full:https://registry.npmjs.org/run-parallel set size:undefined disposed:false
713 silly placeDep ROOT run-parallel@1.2.0 OK for: @nodelib/fs.scandir@2.1.5 want: ^1.1.9
714 silly fetch manifest queue-microtask@^1.2.2
715 silly packumentCache full:https://registry.npmjs.org/queue-microtask cache-miss
716 http fetch GET 200 https://registry.npmjs.org/queue-microtask 54ms (cache miss)
717 silly packumentCache full:https://registry.npmjs.org/queue-microtask set size:undefined disposed:false
718 silly placeDep ROOT reusify@1.1.0 OK for: fastq@1.20.1 want: ^1.0.4
719 silly placeDep ROOT to-regex-range@5.0.1 OK for: fill-range@7.1.1 want: ^5.0.1
720 silly fetch manifest is-number@^7.0.0
721 silly packumentCache full:https://registry.npmjs.org/is-number cache-miss
722 http fetch GET 200 https://registry.npmjs.org/is-number 34ms (cache miss)
723 silly packumentCache full:https://registry.npmjs.org/is-number set size:undefined disposed:false
724 silly placeDep ROOT binary-extensions@2.3.0 OK for: is-binary-path@2.1.0 want: ^2.0.0
725 silly placeDep ROOT is-extglob@2.1.1 OK for: is-glob@4.0.3 want: ^2.1.1
726 silly placeDep ROOT read-cache@1.0.0 OK for: postcss-import@15.1.0 want: ^1.0.0
727 silly fetch manifest pify@^2.3.0
728 silly packumentCache full:https://registry.npmjs.org/pify cache-miss
729 http fetch GET 200 https://registry.npmjs.org/pify 90ms (cache miss)
730 silly packumentCache full:https://registry.npmjs.org/pify set size:undefined disposed:false
731 silly placeDep ROOT camelcase-css@2.0.1 OK for: postcss-js@4.1.0 want: ^2.0.1
732 silly placeDep ROOT cssesc@3.0.0 OK for: postcss-selector-parser@6.1.4 want: ^3.0.0
733 silly placeDep ROOT util-deprecate@1.0.2 OK for: postcss-selector-parser@6.1.4 want: ^1.0.2
734 silly placeDep ROOT pify@2.3.0 OK for: read-cache@1.0.0 want: ^2.3.0
735 silly placeDep ROOT es-errors@1.3.0 OK for: resolve@1.22.12 want: ^1.3.0
736 silly placeDep ROOT is-core-module@2.16.2 OK for: resolve@1.22.12 want: ^2.16.1
737 silly placeDep ROOT path-parse@1.0.7 OK for: resolve@1.22.12 want: ^1.0.7
738 silly placeDep ROOT supports-preserve-symlinks-flag@1.0.0 OK for: resolve@1.22.12 want: ^1.0.0
739 silly fetch manifest hasown@^2.0.3
740 silly packumentCache full:https://registry.npmjs.org/hasown cache-miss
741 http cache https://registry.npmjs.org/hasown 13ms (cache hit)
742 silly packumentCache full:https://registry.npmjs.org/hasown set size:18361 disposed:false
743 silly placeDep ROOT hasown@2.0.4 OK for: is-core-module@2.16.2 want: ^2.0.3
744 silly fetch manifest function-bind@^1.1.2
745 silly packumentCache full:https://registry.npmjs.org/function-bind cache-miss
746 http cache https://registry.npmjs.org/function-bind 14ms (cache hit)
747 silly packumentCache full:https://registry.npmjs.org/function-bind set size:15733 disposed:false
748 silly placeDep ROOT function-bind@1.1.2 OK for: hasown@2.0.4 want: ^1.1.2
749 silly placeDep ROOT queue-microtask@1.2.3 OK for: run-parallel@1.2.0 want: ^1.2.2
750 silly placeDep ROOT commander@4.1.1 OK for: sucrase@3.35.1 want: ^4.0.0
751 silly placeDep ROOT lines-and-columns@1.2.4 OK for: sucrase@3.35.1 want: ^1.1.6
752 silly placeDep ROOT mz@2.7.0 OK for: sucrase@3.35.1 want: ^2.7.0
753 silly placeDep ROOT pirates@4.0.7 OK for: sucrase@3.35.1 want: ^4.0.1
754 silly placeDep ROOT tinyglobby@0.2.17 OK for: sucrase@3.35.1 want: ^0.2.11
755 silly placeDep ROOT ts-interface-checker@0.1.13 OK for: sucrase@3.35.1 want: ^0.1.9
756 silly fetch manifest any-promise@^1.0.0
757 silly packumentCache full:https://registry.npmjs.org/any-promise cache-miss
758 silly fetch manifest object-assign@^4.0.1
759 silly packumentCache full:https://registry.npmjs.org/object-assign cache-miss
760 silly fetch manifest thenify-all@^1.0.0
761 silly packumentCache full:https://registry.npmjs.org/thenify-all cache-miss
762 silly fetch manifest fdir@^6.5.0
763 silly packumentCache full:https://registry.npmjs.org/fdir cache-miss
764 silly fetch manifest picomatch@^4.0.4
765 silly packumentCache full:https://registry.npmjs.org/picomatch cache-hit
766 http cache https://registry.npmjs.org/object-assign 22ms (cache hit)
767 silly packumentCache full:https://registry.npmjs.org/object-assign set size:28988 disposed:false
768 http cache https://registry.npmjs.org/fdir 23ms (cache hit)
769 silly packumentCache full:https://registry.npmjs.org/fdir set size:136182 disposed:false
770 http fetch GET 200 https://registry.npmjs.org/thenify-all 76ms (cache miss)
771 silly packumentCache full:https://registry.npmjs.org/thenify-all set size:undefined disposed:false
772 http fetch GET 200 https://registry.npmjs.org/any-promise 81ms (cache miss)
773 silly packumentCache full:https://registry.npmjs.org/any-promise set size:undefined disposed:false
774 silly placeDep ROOT any-promise@1.3.0 OK for: mz@2.7.0 want: ^1.0.0
775 silly placeDep ROOT object-assign@4.1.1 OK for: mz@2.7.0 want: ^4.0.1
776 silly placeDep ROOT thenify-all@1.6.0 OK for: mz@2.7.0 want: ^1.0.0
777 silly fetch manifest thenify@>= 3.1.0 < 4
778 silly packumentCache full:https://registry.npmjs.org/thenify cache-miss
779 http fetch GET 200 https://registry.npmjs.org/thenify 101ms (cache miss)
780 silly packumentCache full:https://registry.npmjs.org/thenify set size:undefined disposed:false
781 silly placeDep ROOT thenify@3.3.1 OK for: thenify-all@1.6.0 want: >= 3.1.0 < 4
782 silly placeDep node_modules/tinyglobby fdir@6.5.0 OK for: tinyglobby@0.2.17 want: ^6.5.0
783 silly placeDep node_modules/tinyglobby picomatch@4.0.5 OK for: fdir@6.5.0 want: ^3 || ^4
784 silly placeDep ROOT is-number@7.0.0 OK for: to-regex-range@5.0.1 want: ^7.0.0
785 silly placeDep ROOT escalade@3.2.0 OK for: update-browserslist-db@1.3.0 want: ^3.2.0
786 silly placeDep ROOT esbuild@0.25.12 OK for: vite@6.4.3 want: ^0.25.0
787 silly placeDep node_modules/vite fdir@6.5.0 OK for: vite@6.4.3 want: ^6.4.4
788 silly placeDep node_modules/vite picomatch@4.0.5 OK for: fdir@6.5.0 want: ^3 || ^4
789 silly placeDep ROOT rollup@4.62.4 OK for: vite@6.4.3 want: ^4.34.9
790 silly fetch manifest @esbuild/aix-ppc64@0.25.12
791 silly packumentCache full:https://registry.npmjs.org/@esbuild%2faix-ppc64 cache-miss
792 silly fetch manifest @esbuild/linux-arm@0.25.12
793 silly packumentCache full:https://registry.npmjs.org/@esbuild%2flinux-arm cache-miss
794 silly fetch manifest @esbuild/linux-x64@0.25.12
795 silly packumentCache full:https://registry.npmjs.org/@esbuild%2flinux-x64 cache-miss
796 silly fetch manifest @esbuild/sunos-x64@0.25.12
797 silly packumentCache full:https://registry.npmjs.org/@esbuild%2fsunos-x64 cache-miss
798 silly fetch manifest @esbuild/win32-x64@0.25.12
799 silly packumentCache full:https://registry.npmjs.org/@esbuild%2fwin32-x64 cache-miss
800 silly fetch manifest @esbuild/darwin-x64@0.25.12
801 silly packumentCache full:https://registry.npmjs.org/@esbuild%2fdarwin-x64 cache-miss
802 silly fetch manifest @esbuild/linux-ia32@0.25.12
803 silly packumentCache full:https://registry.npmjs.org/@esbuild%2flinux-ia32 cache-miss
804 silly fetch manifest @esbuild/netbsd-x64@0.25.12
805 silly packumentCache full:https://registry.npmjs.org/@esbuild%2fnetbsd-x64 cache-miss
806 silly fetch manifest @esbuild/win32-ia32@0.25.12
807 silly packumentCache full:https://registry.npmjs.org/@esbuild%2fwin32-ia32 cache-miss
808 silly fetch manifest @esbuild/android-arm@0.25.12
809 silly packumentCache full:https://registry.npmjs.org/@esbuild%2fandroid-arm cache-miss
810 silly fetch manifest @esbuild/android-x64@0.25.12
811 silly packumentCache full:https://registry.npmjs.org/@esbuild%2fandroid-x64 cache-miss
812 http fetch GET 200 https://registry.npmjs.org/@esbuild%2faix-ppc64 134ms (cache miss)
813 silly packumentCache full:https://registry.npmjs.org/@esbuild%2faix-ppc64 set size:undefined disposed:false
814 silly fetch manifest @esbuild/freebsd-x64@0.25.12
815 silly packumentCache full:https://registry.npmjs.org/@esbuild%2ffreebsd-x64 cache-miss
816 http fetch GET 200 https://registry.npmjs.org/@esbuild%2flinux-arm 143ms (cache miss)
817 silly packumentCache full:https://registry.npmjs.org/@esbuild%2flinux-arm set size:undefined disposed:false
818 silly fetch manifest @esbuild/linux-arm64@0.25.12
819 silly packumentCache full:https://registry.npmjs.org/@esbuild%2flinux-arm64 cache-miss
820 http fetch GET 200 https://registry.npmjs.org/@esbuild%2fwin32-ia32 173ms (cache miss)
821 silly packumentCache full:https://registry.npmjs.org/@esbuild%2fwin32-ia32 set size:undefined disposed:false
822 silly fetch manifest @esbuild/linux-ppc64@0.25.12
823 silly packumentCache full:https://registry.npmjs.org/@esbuild%2flinux-ppc64 cache-miss
824 http fetch GET 200 https://registry.npmjs.org/@esbuild%2fnetbsd-x64 186ms (cache miss)
825 silly packumentCache full:https://registry.npmjs.org/@esbuild%2fnetbsd-x64 set size:undefined disposed:false
826 silly fetch manifest @esbuild/linux-s390x@0.25.12
827 silly packumentCache full:https://registry.npmjs.org/@esbuild%2flinux-s390x cache-miss
828 http fetch GET 200 https://registry.npmjs.org/@esbuild%2flinux-ia32 193ms (cache miss)
829 silly packumentCache full:https://registry.npmjs.org/@esbuild%2flinux-ia32 set size:undefined disposed:false
830 silly fetch manifest @esbuild/openbsd-x64@0.25.12
831 silly packumentCache full:https://registry.npmjs.org/@esbuild%2fopenbsd-x64 cache-miss
832 http fetch GET 200 https://registry.npmjs.org/@esbuild%2fwin32-x64 205ms (cache miss)
833 silly packumentCache full:https://registry.npmjs.org/@esbuild%2fwin32-x64 set size:undefined disposed:false
834 silly fetch manifest @esbuild/win32-arm64@0.25.12
835 silly packumentCache full:https://registry.npmjs.org/@esbuild%2fwin32-arm64 cache-miss
836 http fetch GET 200 https://registry.npmjs.org/@esbuild%2fsunos-x64 212ms (cache miss)
837 silly packumentCache full:https://registry.npmjs.org/@esbuild%2fsunos-x64 set size:undefined disposed:false
838 silly fetch manifest @esbuild/darwin-arm64@0.25.12
839 silly packumentCache full:https://registry.npmjs.org/@esbuild%2fdarwin-arm64 cache-miss
840 http fetch GET 200 https://registry.npmjs.org/@esbuild%2fdarwin-x64 245ms (cache miss)
841 silly packumentCache full:https://registry.npmjs.org/@esbuild%2fdarwin-x64 set size:undefined disposed:false
842 silly fetch manifest @esbuild/netbsd-arm64@0.25.12
843 silly packumentCache full:https://registry.npmjs.org/@esbuild%2fnetbsd-arm64 cache-miss
844 http fetch GET 200 https://registry.npmjs.org/@esbuild%2fandroid-x64 267ms (cache miss)
845 silly packumentCache full:https://registry.npmjs.org/@esbuild%2fandroid-x64 set size:undefined disposed:false
846 silly fetch manifest @esbuild/android-arm64@0.25.12
847 silly packumentCache full:https://registry.npmjs.org/@esbuild%2fandroid-arm64 cache-miss
848 http fetch GET 200 https://registry.npmjs.org/@esbuild%2flinux-x64 275ms (cache miss)
849 silly packumentCache full:https://registry.npmjs.org/@esbuild%2flinux-x64 set size:undefined disposed:false
850 silly fetch manifest @esbuild/freebsd-arm64@0.25.12
851 silly packumentCache full:https://registry.npmjs.org/@esbuild%2ffreebsd-arm64 cache-miss
852 http fetch GET 200 https://registry.npmjs.org/@esbuild%2flinux-ppc64 139ms (cache miss)
853 silly packumentCache full:https://registry.npmjs.org/@esbuild%2flinux-ppc64 set size:undefined disposed:false
854 silly fetch manifest @esbuild/linux-loong64@0.25.12
855 silly packumentCache full:https://registry.npmjs.org/@esbuild%2flinux-loong64 cache-miss
856 http fetch GET 200 https://registry.npmjs.org/@esbuild%2flinux-s390x 131ms (cache miss)
857 silly packumentCache full:https://registry.npmjs.org/@esbuild%2flinux-s390x set size:undefined disposed:false
858 silly fetch manifest @esbuild/linux-riscv64@0.25.12
859 silly packumentCache full:https://registry.npmjs.org/@esbuild%2flinux-riscv64 cache-miss
860 http fetch GET 200 https://registry.npmjs.org/@esbuild%2ffreebsd-x64 207ms (cache miss)
861 silly packumentCache full:https://registry.npmjs.org/@esbuild%2ffreebsd-x64 set size:undefined disposed:false
862 silly fetch manifest @esbuild/openbsd-arm64@0.25.12
863 silly packumentCache full:https://registry.npmjs.org/@esbuild%2fopenbsd-arm64 cache-miss
864 http fetch GET 200 https://registry.npmjs.org/@esbuild%2fopenbsd-x64 149ms (cache miss)
865 silly packumentCache full:https://registry.npmjs.org/@esbuild%2fopenbsd-x64 set size:undefined disposed:false
866 silly fetch manifest @esbuild/linux-mips64el@0.25.12
867 silly packumentCache full:https://registry.npmjs.org/@esbuild%2flinux-mips64el cache-miss
868 http fetch GET 200 https://registry.npmjs.org/@esbuild%2fwin32-arm64 146ms (cache miss)
869 silly packumentCache full:https://registry.npmjs.org/@esbuild%2fwin32-arm64 set size:undefined disposed:false
870 silly fetch manifest @esbuild/openharmony-arm64@0.25.12
871 silly packumentCache full:https://registry.npmjs.org/@esbuild%2fopenharmony-arm64 cache-miss
872 http fetch GET 200 https://registry.npmjs.org/@esbuild%2flinux-arm64 303ms (cache miss)
873 silly packumentCache full:https://registry.npmjs.org/@esbuild%2flinux-arm64 set size:undefined disposed:false
874 silly fetch manifest @types/estree@1.0.9
875 silly packumentCache full:https://registry.npmjs.org/@types%2festree cache-miss
876 http fetch GET 200 https://registry.npmjs.org/@esbuild%2fandroid-arm 458ms (cache miss)
877 silly packumentCache full:https://registry.npmjs.org/@esbuild%2fandroid-arm set size:undefined disposed:false
878 silly fetch manifest @rollup/rollup-darwin-x64@4.62.4
879 silly packumentCache full:https://registry.npmjs.org/@rollup%2frollup-darwin-x64 cache-miss
880 http fetch GET 200 https://registry.npmjs.org/@esbuild%2fdarwin-arm64 282ms (cache miss)
881 silly packumentCache full:https://registry.npmjs.org/@esbuild%2fdarwin-arm64 set size:undefined disposed:false
882 silly fetch manifest @rollup/rollup-freebsd-x64@4.62.4
883 silly packumentCache full:https://registry.npmjs.org/@rollup%2frollup-freebsd-x64 cache-miss
884 http fetch GET 200 https://registry.npmjs.org/@esbuild%2fopenharmony-arm64 144ms (cache miss)
885 silly packumentCache full:https://registry.npmjs.org/@esbuild%2fopenharmony-arm64 set size:undefined disposed:false
886 silly fetch manifest @rollup/rollup-openbsd-x64@4.62.4
887 silly packumentCache full:https://registry.npmjs.org/@rollup%2frollup-openbsd-x64 cache-miss
888 http fetch GET 200 https://registry.npmjs.org/@esbuild%2flinux-riscv64 181ms (cache miss)
889 silly packumentCache full:https://registry.npmjs.org/@esbuild%2flinux-riscv64 set size:undefined disposed:false
890 silly fetch manifest @napi-rs/lzma-linux-x64-gnu@1.5.1
891 silly packumentCache full:https://registry.npmjs.org/@napi-rs%2flzma-linux-x64-gnu cache-miss
892 http fetch GET 200 https://registry.npmjs.org/@esbuild%2fopenbsd-arm64 166ms (cache miss)
893 silly packumentCache full:https://registry.npmjs.org/@esbuild%2fopenbsd-arm64 set size:undefined disposed:false
894 silly fetch manifest @rollup/rollup-darwin-arm64@4.62.4
895 silly packumentCache full:https://registry.npmjs.org/@rollup%2frollup-darwin-arm64 cache-miss
896 http fetch GET 200 https://registry.npmjs.org/@types%2festree 80ms (cache miss)
897 silly packumentCache full:https://registry.npmjs.org/@types%2festree set size:undefined disposed:false
898 silly fetch manifest @rollup/rollup-android-arm64@4.62.4
899 silly packumentCache full:https://registry.npmjs.org/@rollup%2frollup-android-arm64 cache-miss
900 http fetch GET 200 https://registry.npmjs.org/@esbuild%2fnetbsd-arm64 299ms (cache miss)
901 silly packumentCache full:https://registry.npmjs.org/@esbuild%2fnetbsd-arm64 set size:undefined disposed:false
902 silly fetch manifest @rollup/rollup-freebsd-arm64@4.62.4
903 silly packumentCache full:https://registry.npmjs.org/@rollup%2frollup-freebsd-arm64 cache-miss
904 http fetch GET 200 https://registry.npmjs.org/@esbuild%2flinux-loong64 363ms (cache miss)
905 silly packumentCache full:https://registry.npmjs.org/@esbuild%2flinux-loong64 set size:undefined disposed:false
906 silly fetch manifest @rollup/rollup-linux-x64-gnu@4.62.4
907 silly packumentCache full:https://registry.npmjs.org/@rollup%2frollup-linux-x64-gnu cache-miss
908 http fetch GET 200 https://registry.npmjs.org/@rollup%2frollup-freebsd-x64 201ms (cache miss)
909 silly packumentCache full:https://registry.npmjs.org/@rollup%2frollup-freebsd-x64 set size:undefined disposed:false
910 silly fetch manifest @rollup/rollup-win32-x64-gnu@4.62.4
911 silly packumentCache full:https://registry.npmjs.org/@rollup%2frollup-win32-x64-gnu cache-miss
912 http fetch GET 200 https://registry.npmjs.org/@rollup%2frollup-openbsd-x64 208ms (cache miss)
913 silly packumentCache full:https://registry.npmjs.org/@rollup%2frollup-openbsd-x64 set size:undefined disposed:false
914 silly fetch manifest @rollup/rollup-linux-x64-musl@4.62.4
915 silly packumentCache full:https://registry.npmjs.org/@rollup%2frollup-linux-x64-musl cache-miss
916 http fetch GET 200 https://registry.npmjs.org/@rollup%2frollup-android-arm64 180ms (cache miss)
917 silly packumentCache full:https://registry.npmjs.org/@rollup%2frollup-android-arm64 set size:undefined disposed:false
918 silly fetch manifest @rollup/rollup-win32-x64-msvc@4.62.4
919 silly packumentCache full:https://registry.npmjs.org/@rollup%2frollup-win32-x64-msvc cache-miss
920 http fetch GET 200 https://registry.npmjs.org/@esbuild%2flinux-mips64el 413ms (cache miss)
921 silly packumentCache full:https://registry.npmjs.org/@esbuild%2flinux-mips64el set size:undefined disposed:false
922 silly fetch manifest @rollup/rollup-linux-arm64-gnu@4.62.4
923 silly packumentCache full:https://registry.npmjs.org/@rollup%2frollup-linux-arm64-gnu cache-miss
924 http fetch GET 200 https://registry.npmjs.org/@rollup%2frollup-darwin-arm64 259ms (cache miss)
925 silly packumentCache full:https://registry.npmjs.org/@rollup%2frollup-darwin-arm64 set size:undefined disposed:false
926 silly fetch manifest @rollup/rollup-linux-ppc64-gnu@4.62.4
927 silly packumentCache full:https://registry.npmjs.org/@rollup%2frollup-linux-ppc64-gnu cache-miss
928 http fetch GET 200 https://registry.npmjs.org/@rollup%2frollup-darwin-x64 387ms (cache miss)
929 silly packumentCache full:https://registry.npmjs.org/@rollup%2frollup-darwin-x64 set size:undefined disposed:false
930 silly fetch manifest @rollup/rollup-linux-s390x-gnu@4.62.4
931 silly packumentCache full:https://registry.npmjs.org/@rollup%2frollup-linux-s390x-gnu cache-miss
932 http fetch GET 200 https://registry.npmjs.org/@esbuild%2fandroid-arm64 613ms (cache miss)
933 silly packumentCache full:https://registry.npmjs.org/@esbuild%2fandroid-arm64 set size:undefined disposed:false
934 silly fetch manifest @rollup/rollup-win32-ia32-msvc@4.62.4
935 silly packumentCache full:https://registry.npmjs.org/@rollup%2frollup-win32-ia32-msvc cache-miss
936 http fetch GET 200 https://registry.npmjs.org/@esbuild%2ffreebsd-arm64 614ms (cache miss)
937 silly packumentCache full:https://registry.npmjs.org/@esbuild%2ffreebsd-arm64 set size:undefined disposed:false
938 silly fetch manifest @rollup/rollup-android-arm-eabi@4.62.4
939 silly packumentCache full:https://registry.npmjs.org/@rollup%2frollup-android-arm-eabi cache-miss
940 http fetch GET 200 https://registry.npmjs.org/@rollup%2frollup-linux-ppc64-gnu 182ms (cache miss)
941 silly packumentCache full:https://registry.npmjs.org/@rollup%2frollup-linux-ppc64-gnu set size:undefined disposed:false
942 silly fetch manifest @rollup/rollup-linux-arm64-musl@4.62.4
943 silly packumentCache full:https://registry.npmjs.org/@rollup%2frollup-linux-arm64-musl cache-miss
944 http fetch GET 200 https://registry.npmjs.org/@napi-rs%2flzma-linux-x64-gnu 468ms (cache miss)
945 silly packumentCache full:https://registry.npmjs.org/@napi-rs%2flzma-linux-x64-gnu set size:undefined disposed:false
946 silly fetch manifest @rollup/rollup-linux-ppc64-musl@4.62.4
947 silly packumentCache full:https://registry.npmjs.org/@rollup%2frollup-linux-ppc64-musl cache-miss
948 http fetch GET 200 https://registry.npmjs.org/@rollup%2frollup-win32-x64-gnu 282ms (cache miss)
949 silly packumentCache full:https://registry.npmjs.org/@rollup%2frollup-win32-x64-gnu set size:undefined disposed:false
950 silly fetch manifest @rollup/rollup-win32-arm64-msvc@4.62.4
951 silly packumentCache full:https://registry.npmjs.org/@rollup%2frollup-win32-arm64-msvc cache-miss
952 http fetch GET 200 https://registry.npmjs.org/@rollup%2frollup-linux-s390x-gnu 145ms (cache miss)
953 silly packumentCache full:https://registry.npmjs.org/@rollup%2frollup-linux-s390x-gnu set size:undefined disposed:false
954 silly fetch manifest @rollup/rollup-linux-loong64-gnu@4.62.4
955 silly packumentCache full:https://registry.npmjs.org/@rollup%2frollup-linux-loong64-gnu cache-miss
956 http fetch GET 200 https://registry.npmjs.org/@rollup%2frollup-win32-x64-msvc 287ms (cache miss)
957 silly packumentCache full:https://registry.npmjs.org/@rollup%2frollup-win32-x64-msvc set size:undefined disposed:false
958 silly fetch manifest @rollup/rollup-linux-riscv64-gnu@4.62.4
959 silly packumentCache full:https://registry.npmjs.org/@rollup%2frollup-linux-riscv64-gnu cache-miss
960 http fetch GET 200 https://registry.npmjs.org/@rollup%2frollup-linux-arm64-gnu 249ms (cache miss)
961 silly packumentCache full:https://registry.npmjs.org/@rollup%2frollup-linux-arm64-gnu set size:undefined disposed:false
962 silly fetch manifest @rollup/rollup-openharmony-arm64@4.62.4
963 silly packumentCache full:https://registry.npmjs.org/@rollup%2frollup-openharmony-arm64 cache-miss
964 http fetch GET 200 https://registry.npmjs.org/@rollup%2frollup-linux-x64-gnu 336ms (cache miss)
965 silly packumentCache full:https://registry.npmjs.org/@rollup%2frollup-linux-x64-gnu set size:undefined disposed:false
966 silly fetch manifest @rollup/rollup-linux-loong64-musl@4.62.4
967 silly packumentCache full:https://registry.npmjs.org/@rollup%2frollup-linux-loong64-musl cache-miss
968 http fetch GET 200 https://registry.npmjs.org/@rollup%2frollup-linux-ppc64-musl 108ms (cache miss)
969 silly packumentCache full:https://registry.npmjs.org/@rollup%2frollup-linux-ppc64-musl set size:undefined disposed:false
970 silly fetch manifest @rollup/rollup-linux-riscv64-musl@4.62.4
971 silly packumentCache full:https://registry.npmjs.org/@rollup%2frollup-linux-riscv64-musl cache-miss
972 http fetch GET 200 https://registry.npmjs.org/@rollup%2frollup-win32-ia32-msvc 206ms (cache miss)
973 silly packumentCache full:https://registry.npmjs.org/@rollup%2frollup-win32-ia32-msvc set size:undefined disposed:false
974 silly fetch manifest @rollup/rollup-linux-arm-gnueabihf@4.62.4
975 silly packumentCache full:https://registry.npmjs.org/@rollup%2frollup-linux-arm-gnueabihf cache-miss
976 http fetch GET 200 https://registry.npmjs.org/@rollup%2frollup-linux-arm64-musl 145ms (cache miss)
977 silly packumentCache full:https://registry.npmjs.org/@rollup%2frollup-linux-arm64-musl set size:undefined disposed:false
978 silly fetch manifest @rollup/rollup-linux-arm-musleabihf@4.62.4
979 silly packumentCache full:https://registry.npmjs.org/@rollup%2frollup-linux-arm-musleabihf cache-miss
980 http fetch GET 200 https://registry.npmjs.org/@rollup%2frollup-win32-arm64-msvc 125ms (cache miss)
981 silly packumentCache full:https://registry.npmjs.org/@rollup%2frollup-win32-arm64-msvc set size:undefined disposed:false
982 http fetch GET 200 https://registry.npmjs.org/@rollup%2frollup-openharmony-arm64 106ms (cache miss)
983 silly packumentCache full:https://registry.npmjs.org/@rollup%2frollup-openharmony-arm64 set size:undefined disposed:false
984 http fetch GET 200 https://registry.npmjs.org/@rollup%2frollup-freebsd-arm64 578ms (cache miss)
985 silly packumentCache full:https://registry.npmjs.org/@rollup%2frollup-freebsd-arm64 set size:undefined disposed:false
986 http fetch GET 200 https://registry.npmjs.org/@rollup%2frollup-linux-riscv64-gnu 149ms (cache miss)
987 silly packumentCache full:https://registry.npmjs.org/@rollup%2frollup-linux-riscv64-gnu set size:undefined disposed:false
988 http fetch GET 200 https://registry.npmjs.org/@rollup%2frollup-linux-x64-musl 456ms (cache miss)
989 silly packumentCache full:https://registry.npmjs.org/@rollup%2frollup-linux-x64-musl set size:undefined disposed:false
990 http fetch GET 200 https://registry.npmjs.org/@rollup%2frollup-linux-arm-musleabihf 70ms (cache miss)
991 silly packumentCache full:https://registry.npmjs.org/@rollup%2frollup-linux-arm-musleabihf set size:undefined disposed:false
992 http fetch GET 200 https://registry.npmjs.org/@rollup%2frollup-linux-arm-gnueabihf 186ms (cache miss)
993 silly packumentCache full:https://registry.npmjs.org/@rollup%2frollup-linux-arm-gnueabihf set size:undefined disposed:false
994 http fetch GET 200 https://registry.npmjs.org/@rollup%2frollup-linux-loong64-musl 260ms (cache miss)
995 silly packumentCache full:https://registry.npmjs.org/@rollup%2frollup-linux-loong64-musl set size:undefined disposed:false
996 http fetch GET 200 https://registry.npmjs.org/@rollup%2frollup-linux-loong64-gnu 306ms (cache miss)
997 silly packumentCache full:https://registry.npmjs.org/@rollup%2frollup-linux-loong64-gnu set size:undefined disposed:false
998 http fetch GET 200 https://registry.npmjs.org/@rollup%2frollup-android-arm-eabi 468ms (cache miss)
999 silly packumentCache full:https://registry.npmjs.org/@rollup%2frollup-android-arm-eabi set size:undefined disposed:false
1000 http fetch GET 200 https://registry.npmjs.org/@rollup%2frollup-linux-riscv64-musl 311ms (cache miss)
1001 silly packumentCache full:https://registry.npmjs.org/@rollup%2frollup-linux-riscv64-musl set size:undefined disposed:false
1002 silly placeDep ROOT @esbuild/aix-ppc64@0.25.12 OK for: esbuild@0.25.12 want: 0.25.12
1003 silly placeDep ROOT @esbuild/android-arm@0.25.12 OK for: esbuild@0.25.12 want: 0.25.12
1004 silly placeDep ROOT @esbuild/android-arm64@0.25.12 OK for: esbuild@0.25.12 want: 0.25.12
1005 silly placeDep ROOT @esbuild/android-x64@0.25.12 OK for: esbuild@0.25.12 want: 0.25.12
1006 silly placeDep ROOT @esbuild/darwin-arm64@0.25.12 OK for: esbuild@0.25.12 want: 0.25.12
1007 silly placeDep ROOT @esbuild/darwin-x64@0.25.12 OK for: esbuild@0.25.12 want: 0.25.12
1008 silly placeDep ROOT @esbuild/freebsd-arm64@0.25.12 OK for: esbuild@0.25.12 want: 0.25.12
1009 silly placeDep ROOT @esbuild/freebsd-x64@0.25.12 OK for: esbuild@0.25.12 want: 0.25.12
1010 silly placeDep ROOT @esbuild/linux-arm@0.25.12 OK for: esbuild@0.25.12 want: 0.25.12
1011 silly placeDep ROOT @esbuild/linux-arm64@0.25.12 OK for: esbuild@0.25.12 want: 0.25.12
1012 silly placeDep ROOT @esbuild/linux-ia32@0.25.12 OK for: esbuild@0.25.12 want: 0.25.12
1013 silly placeDep ROOT @esbuild/linux-loong64@0.25.12 OK for: esbuild@0.25.12 want: 0.25.12
1014 silly placeDep ROOT @esbuild/linux-mips64el@0.25.12 OK for: esbuild@0.25.12 want: 0.25.12
1015 silly placeDep ROOT @esbuild/linux-ppc64@0.25.12 OK for: esbuild@0.25.12 want: 0.25.12
1016 silly placeDep ROOT @esbuild/linux-riscv64@0.25.12 OK for: esbuild@0.25.12 want: 0.25.12
1017 silly placeDep ROOT @esbuild/linux-s390x@0.25.12 OK for: esbuild@0.25.12 want: 0.25.12
1018 silly placeDep ROOT @esbuild/linux-x64@0.25.12 OK for: esbuild@0.25.12 want: 0.25.12
1019 silly placeDep ROOT @esbuild/netbsd-arm64@0.25.12 OK for: esbuild@0.25.12 want: 0.25.12
1020 silly placeDep ROOT @esbuild/netbsd-x64@0.25.12 OK for: esbuild@0.25.12 want: 0.25.12
1021 silly placeDep ROOT @esbuild/openbsd-arm64@0.25.12 OK for: esbuild@0.25.12 want: 0.25.12
1022 silly placeDep ROOT @esbuild/openbsd-x64@0.25.12 OK for: esbuild@0.25.12 want: 0.25.12
1023 silly placeDep ROOT @esbuild/openharmony-arm64@0.25.12 OK for: esbuild@0.25.12 want: 0.25.12
1024 silly placeDep ROOT @esbuild/sunos-x64@0.25.12 OK for: esbuild@0.25.12 want: 0.25.12
1025 silly placeDep ROOT @esbuild/win32-arm64@0.25.12 OK for: esbuild@0.25.12 want: 0.25.12
1026 silly placeDep ROOT @esbuild/win32-ia32@0.25.12 OK for: esbuild@0.25.12 want: 0.25.12
1027 silly placeDep ROOT @esbuild/win32-x64@0.25.12 OK for: esbuild@0.25.12 want: 0.25.12
1028 silly placeDep ROOT @napi-rs/lzma-linux-x64-gnu@1.5.1 OK for: rollup@4.62.4 want: 1.5.1
1029 silly placeDep ROOT @rollup/rollup-android-arm-eabi@4.62.4 OK for: rollup@4.62.4 want: 4.62.4
1030 silly placeDep ROOT @rollup/rollup-android-arm64@4.62.4 OK for: rollup@4.62.4 want: 4.62.4
1031 silly placeDep ROOT @rollup/rollup-darwin-arm64@4.62.4 OK for: rollup@4.62.4 want: 4.62.4
1032 silly placeDep ROOT @rollup/rollup-darwin-x64@4.62.4 OK for: rollup@4.62.4 want: 4.62.4
1033 silly placeDep ROOT @rollup/rollup-freebsd-arm64@4.62.4 OK for: rollup@4.62.4 want: 4.62.4
1034 silly placeDep ROOT @rollup/rollup-freebsd-x64@4.62.4 OK for: rollup@4.62.4 want: 4.62.4
1035 silly placeDep ROOT @rollup/rollup-linux-arm-gnueabihf@4.62.4 OK for: rollup@4.62.4 want: 4.62.4
1036 silly placeDep ROOT @rollup/rollup-linux-arm-musleabihf@4.62.4 OK for: rollup@4.62.4 want: 4.62.4
1037 silly placeDep ROOT @rollup/rollup-linux-arm64-gnu@4.62.4 OK for: rollup@4.62.4 want: 4.62.4
1038 silly placeDep ROOT @rollup/rollup-linux-arm64-musl@4.62.4 OK for: rollup@4.62.4 want: 4.62.4
1039 silly placeDep ROOT @rollup/rollup-linux-loong64-gnu@4.62.4 OK for: rollup@4.62.4 want: 4.62.4
1040 silly placeDep ROOT @rollup/rollup-linux-loong64-musl@4.62.4 OK for: rollup@4.62.4 want: 4.62.4
1041 silly placeDep ROOT @rollup/rollup-linux-ppc64-gnu@4.62.4 OK for: rollup@4.62.4 want: 4.62.4
1042 silly placeDep ROOT @rollup/rollup-linux-ppc64-musl@4.62.4 OK for: rollup@4.62.4 want: 4.62.4
1043 silly placeDep ROOT @rollup/rollup-linux-riscv64-gnu@4.62.4 OK for: rollup@4.62.4 want: 4.62.4
1044 silly placeDep ROOT @rollup/rollup-linux-riscv64-musl@4.62.4 OK for: rollup@4.62.4 want: 4.62.4
1045 silly placeDep ROOT @rollup/rollup-linux-s390x-gnu@4.62.4 OK for: rollup@4.62.4 want: 4.62.4
1046 silly placeDep ROOT @rollup/rollup-linux-x64-gnu@4.62.4 OK for: rollup@4.62.4 want: 4.62.4
1047 silly placeDep ROOT @rollup/rollup-linux-x64-musl@4.62.4 OK for: rollup@4.62.4 want: 4.62.4
1048 silly placeDep ROOT @rollup/rollup-openbsd-x64@4.62.4 OK for: rollup@4.62.4 want: 4.62.4
1049 silly placeDep ROOT @rollup/rollup-openharmony-arm64@4.62.4 OK for: rollup@4.62.4 want: 4.62.4
1050 silly placeDep ROOT @rollup/rollup-win32-arm64-msvc@4.62.4 OK for: rollup@4.62.4 want: 4.62.4
1051 silly placeDep ROOT @rollup/rollup-win32-ia32-msvc@4.62.4 OK for: rollup@4.62.4 want: 4.62.4
1052 silly placeDep ROOT @rollup/rollup-win32-x64-gnu@4.62.4 OK for: rollup@4.62.4 want: 4.62.4
1053 silly placeDep ROOT @rollup/rollup-win32-x64-msvc@4.62.4 OK for: rollup@4.62.4 want: 4.62.4
1054 silly placeDep ROOT @types/estree@1.0.9 OK for: rollup@4.62.4 want: 1.0.9
1055 silly reify moves {}
1056 silly audit bulk request {
1056 silly audit   '@vitejs/plugin-react': [ '4.7.0' ],
1056 silly audit   vite: [ '6.4.3' ],
1056 silly audit   autoprefixer: [ '10.5.4' ],
1056 silly audit   postcss: [ '8.5.26' ],
1056 silly audit   react: [ '19.2.8' ],
1056 silly audit   'react-dom': [ '19.2.8' ],
1056 silly audit   tailwindcss: [ '3.4.19' ],
1056 silly audit   '@babel/core': [ '7.29.7' ],
1056 silly audit   '@babel/plugin-transform-react-jsx-self': [ '7.29.7' ],
1056 silly audit   '@babel/plugin-transform-react-jsx-source': [ '7.29.7' ],
1056 silly audit   '@rolldown/pluginutils': [ '1.0.0-beta.27' ],
1056 silly audit   '@types/babel__core': [ '7.20.5' ],
1056 silly audit   'react-refresh': [ '0.17.0' ],
1056 silly audit   '@babel/code-frame': [ '7.29.7' ],
1056 silly audit   '@babel/generator': [ '7.29.8' ],
1056 silly audit   '@babel/helper-compilation-targets': [ '7.29.7' ],
1056 silly audit   '@babel/helper-module-transforms': [ '7.29.7' ],
1056 silly audit   '@babel/helpers': [ '7.29.7' ],
1056 silly audit   '@babel/parser': [ '7.29.8' ],
1056 silly audit   '@babel/template': [ '7.29.7' ],
1056 silly audit   '@babel/traverse': [ '7.29.8' ],
1056 silly audit   '@babel/types': [ '7.29.8' ],
1056 silly audit   '@jridgewell/remapping': [ '2.3.5' ],
1056 silly audit   'convert-source-map': [ '2.0.0' ],
1056 silly audit   debug: [ '4.4.3' ],
1056 silly audit   gensync: [ '1.0.0-beta.2' ],
1056 silly audit   json5: [ '2.2.3' ],
1056 silly audit   semver: [ '6.3.1' ],
1056 silly audit   '@babel/helper-validator-identifier': [ '7.29.7' ],
1056 silly audit   'js-tokens': [ '4.0.0' ],
1056 silly audit   picocolors: [ '1.1.1' ],
1056 silly audit   '@jridgewell/gen-mapping': [ '0.3.13' ],
1056 silly audit   '@jridgewell/trace-mapping': [ '0.3.31' ],
1056 silly audit   jsesc: [ '3.1.0' ],
1056 silly audit   '@babel/compat-data': [ '7.29.7' ],
1056 silly audit   '@babel/helper-validator-option': [ '7.29.7' ],
1056 silly audit   browserslist: [ '4.28.8' ],
1056 silly audit   'lru-cache': [ '5.1.1' ],
1056 silly audit   '@babel/helper-module-imports': [ '7.29.7' ],
1056 silly audit   '@babel/helper-plugin-utils': [ '7.29.7' ],
1056 silly audit   '@babel/helper-globals': [ '7.29.7' ],
1056 silly audit   '@babel/helper-string-parser': [ '7.29.7' ],
1056 silly audit   '@jridgewell/sourcemap-codec': [ '1.5.5' ],
1056 silly audit   '@jridgewell/resolve-uri': [ '3.1.2' ],
1056 silly audit   '@types/babel__generator': [ '7.27.0' ],
1056 silly audit   '@types/babel__template': [ '7.4.4' ],
1056 silly audit   '@types/babel__traverse': [ '7.28.0' ],
1056 silly audit   'caniuse-lite': [ '1.0.30001809' ],
1056 silly audit   'fraction.js': [ '5.3.4' ],
1056 silly audit   'postcss-value-parser': [ '4.2.0' ],
1056 silly audit   'baseline-browser-mapping': [ '2.11.13' ],
1056 silly audit   'electron-to-chromium': [ '1.5.403' ],
1056 silly audit   'node-releases': [ '2.0.53' ],
1056 silly audit   'update-browserslist-db': [ '1.3.0' ],
1056 silly audit   ms: [ '2.1.3' ],
1056 silly audit   yallist: [ '3.1.1' ],
1056 silly audit   nanoid: [ '3.3.18' ],
1056 silly audit   'source-map-js': [ '1.2.1' ],
1056 silly audit   scheduler: [ '0.27.0' ],
1056 silly audit   '@alloc/quick-lru': [ '5.2.0' ],
1056 silly audit   arg: [ '5.0.2' ],
1056 silly audit   chokidar: [ '3.6.0' ],
1056 silly audit   didyoumean: [ '1.2.2' ],
1056 silly audit   dlv: [ '1.1.3' ],
1056 silly audit   'fast-glob': [ '3.3.3' ],
1056 silly audit   'glob-parent': [ '6.0.2', '5.1.2' ],
1056 silly audit   'is-glob': [ '4.0.3' ],
1056 silly audit   jiti: [ '1.21.7' ],
1056 silly audit   lilconfig: [ '3.1.3' ],
1056 silly audit   micromatch: [ '4.0.8' ],
1056 silly audit   'normalize-path': [ '3.0.0' ],
1056 silly audit   'object-hash': [ '3.0.0' ],
1056 silly audit   'postcss-import': [ '15.1.0' ],
1056 silly audit   'postcss-js': [ '4.1.0' ],
1056 silly audit   'postcss-load-config': [ '6.0.1' ],
1056 silly audit   'postcss-nested': [ '6.2.0' ],
1056 silly audit   'postcss-selector-parser': [ '6.1.4' ],
1056 silly audit   resolve: [ '1.22.12' ],
1056 silly audit   sucrase: [ '3.35.1' ],
1056 silly audit   anymatch: [ '3.1.3' ],
1056 silly audit   braces: [ '3.0.3' ],
1056 silly audit   fsevents: [ '2.3.3' ],
1056 silly audit   'is-binary-path': [ '2.1.0' ],
1056 silly audit   readdirp: [ '3.6.0' ],
1056 silly audit   picomatch: [ '2.3.2', '4.0.5' ],
1056 silly audit   'fill-range': [ '7.1.1' ],
1056 silly audit   '@nodelib/fs.stat': [ '2.0.5' ],
1056 silly audit   '@nodelib/fs.walk': [ '1.2.8' ],
1056 silly audit   merge2: [ '1.4.1' ],
1056 silly audit   '@nodelib/fs.scandir': [ '2.1.5' ],
1056 silly audit   fastq: [ '1.20.1' ],
1056 silly audit   'run-parallel': [ '1.2.0' ],
1056 silly audit   reusify: [ '1.1.0' ],
1056 silly audit   'to-regex-range': [ '5.0.1' ],
1056 silly audit   'binary-extensions': [ '2.3.0' ],
1056 silly audit   'is-extglob': [ '2.1.1' ],
1056 silly audit   'read-cache': [ '1.0.0' ],
1056 silly audit   'camelcase-css': [ '2.0.1' ],
1056 silly audit   cssesc: [ '3.0.0' ],
1056 silly audit   'util-deprecate': [ '1.0.2' ],
1056 silly audit   pify: [ '2.3.0' ],
1056 silly audit   'es-errors': [ '1.3.0' ],
1056 silly audit   'is-core-module': [ '2.16.2' ],
1056 silly audit   'path-parse': [ '1.0.7' ],
1056 silly audit   'supports-preserve-symlinks-flag': [ '1.0.0' ],
1056 silly audit   hasown: [ '2.0.4' ],
1056 silly audit   'function-bind': [ '1.1.2' ],
1056 silly audit   'queue-microtask': [ '1.2.3' ],
1056 silly audit   commander: [ '4.1.1' ],
1056 silly audit   'lines-and-columns': [ '1.2.4' ],
1056 silly audit   mz: [ '2.7.0' ],
1056 silly audit   pirates: [ '4.0.7' ],
1056 silly audit   tinyglobby: [ '0.2.17' ],
1056 silly audit   'ts-interface-checker': [ '0.1.13' ],
1056 silly audit   'any-promise': [ '1.3.0' ],
1056 silly audit   'object-assign': [ '4.1.1' ],
1056 silly audit   'thenify-all': [ '1.6.0' ],
1056 silly audit   thenify: [ '3.3.1' ],
1056 silly audit   fdir: [ '6.5.0' ],
1056 silly audit   'is-number': [ '7.0.0' ],
1056 silly audit   escalade: [ '3.2.0' ],
1056 silly audit   esbuild: [ '0.25.12' ],
1056 silly audit   rollup: [ '4.62.4' ],
1056 silly audit   '@esbuild/aix-ppc64': [ '0.25.12' ],
1056 silly audit   '@esbuild/android-arm': [ '0.25.12' ],
1056 silly audit   '@esbuild/android-arm64': [ '0.25.12' ],
1056 silly audit   '@esbuild/android-x64': [ '0.25.12' ],
1056 silly audit   '@esbuild/darwin-arm64': [ '0.25.12' ],
1056 silly audit   '@esbuild/darwin-x64': [ '0.25.12' ],
1056 silly audit   '@esbuild/freebsd-arm64': [ '0.25.12' ],
1056 silly audit   '@esbuild/freebsd-x64': [ '0.25.12' ],
1056 silly audit   '@esbuild/linux-arm': [ '0.25.12' ],
1056 silly audit   '@esbuild/linux-arm64': [ '0.25.12' ],
1056 silly audit   '@esbuild/linux-ia32': [ '0.25.12' ],
1056 silly audit   '@esbuild/linux-loong64': [ '0.25.12' ],
1056 silly audit   '@esbuild/linux-mips64el': [ '0.25.12' ],
1056 silly audit   '@esbuild/linux-ppc64': [ '0.25.12' ],
1056 silly audit   '@esbuild/linux-riscv64': [ '0.25.12' ],
1056 silly audit   '@esbuild/linux-s390x': [ '0.25.12' ],
1056 silly audit   '@esbuild/linux-x64': [ '0.25.12' ],
1056 silly audit   '@esbuild/netbsd-arm64': [ '0.25.12' ],
1056 silly audit   '@esbuild/netbsd-x64': [ '0.25.12' ],
1056 silly audit   '@esbuild/openbsd-arm64': [ '0.25.12' ],
1056 silly audit   '@esbuild/openbsd-x64': [ '0.25.12' ],
1056 silly audit   '@esbuild/openharmony-arm64': [ '0.25.12' ],
1056 silly audit   '@esbuild/sunos-x64': [ '0.25.12' ],
1056 silly audit   '@esbuild/win32-arm64': [ '0.25.12' ],
1056 silly audit   '@esbuild/win32-ia32': [ '0.25.12' ],
1056 silly audit   '@esbuild/win32-x64': [ '0.25.12' ],
1056 silly audit   '@napi-rs/lzma-linux-x64-gnu': [ '1.5.1' ],
1056 silly audit   '@rollup/rollup-android-arm-eabi': [ '4.62.4' ],
1056 silly audit   '@rollup/rollup-android-arm64': [ '4.62.4' ],
1056 silly audit   '@rollup/rollup-darwin-arm64': [ '4.62.4' ],
1056 silly audit   '@rollup/rollup-darwin-x64': [ '4.62.4' ],
1056 silly audit   '@rollup/rollup-freebsd-arm64': [ '4.62.4' ],
1056 silly audit   '@rollup/rollup-freebsd-x64': [ '4.62.4' ],
1056 silly audit   '@rollup/rollup-linux-arm-gnueabihf': [ '4.62.4' ],
1056 silly audit   '@rollup/rollup-linux-arm-musleabihf': [ '4.62.4' ],
1056 silly audit   '@rollup/rollup-linux-arm64-gnu': [ '4.62.4' ],
1056 silly audit   '@rollup/rollup-linux-arm64-musl': [ '4.62.4' ],
1056 silly audit   '@rollup/rollup-linux-loong64-gnu': [ '4.62.4' ],
1056 silly audit   '@rollup/rollup-linux-loong64-musl': [ '4.62.4' ],
1056 silly audit   '@rollup/rollup-linux-ppc64-gnu': [ '4.62.4' ],
1056 silly audit   '@rollup/rollup-linux-ppc64-musl': [ '4.62.4' ],
1056 silly audit   '@rollup/rollup-linux-riscv64-gnu': [ '4.62.4' ],
1056 silly audit   '@rollup/rollup-linux-riscv64-musl': [ '4.62.4' ],
1056 silly audit   '@rollup/rollup-linux-s390x-gnu': [ '4.62.4' ],
1056 silly audit   '@rollup/rollup-linux-x64-gnu': [ '4.62.4' ],
1056 silly audit   '@rollup/rollup-linux-x64-musl': [ '4.62.4' ],
1056 silly audit   '@rollup/rollup-openbsd-x64': [ '4.62.4' ],
1056 silly audit   '@rollup/rollup-openharmony-arm64': [ '4.62.4' ],
1056 silly audit   '@rollup/rollup-win32-arm64-msvc': [ '4.62.4' ],
1056 silly audit   '@rollup/rollup-win32-ia32-msvc': [ '4.62.4' ],
1056 silly audit   '@rollup/rollup-win32-x64-gnu': [ '4.62.4' ],
1056 silly audit   '@rollup/rollup-win32-x64-msvc': [ '4.62.4' ],
1056 silly audit   '@types/estree': [ '1.0.9' ]
1056 silly audit }
1057 http cache @types/estree@https://registry.npmjs.org/@types/estree/-/estree-1.0.9.tgz 0ms (cache hit)
1058 http cache rollup@https://registry.npmjs.org/rollup/-/rollup-4.62.4.tgz 0ms (cache hit)
1059 http cache @rollup/rollup-win32-x64-gnu@https://registry.npmjs.org/@rollup/rollup-win32-x64-gnu/-/rollup-win32-x64-gnu-4.62.4.tgz 0ms (cache hit)
1060 http cache @rollup/rollup-win32-x64-msvc@https://registry.npmjs.org/@rollup/rollup-win32-x64-msvc/-/rollup-win32-x64-msvc-4.62.4.tgz 0ms (cache hit)
1061 http cache @esbuild/win32-x64@https://registry.npmjs.org/@esbuild/win32-x64/-/win32-x64-0.25.12.tgz 0ms (cache hit)
1062 http cache escalade@https://registry.npmjs.org/escalade/-/escalade-3.2.0.tgz 0ms (cache hit)
1063 http cache esbuild@https://registry.npmjs.org/esbuild/-/esbuild-0.25.12.tgz 0ms (cache hit)
1064 http cache thenify@https://registry.npmjs.org/thenify/-/thenify-3.3.1.tgz 0ms (cache hit)
1065 http cache is-number@https://registry.npmjs.org/is-number/-/is-number-7.0.0.tgz 0ms (cache hit)
1066 http cache any-promise@https://registry.npmjs.org/any-promise/-/any-promise-1.3.0.tgz 0ms (cache hit)
1067 http cache thenify-all@https://registry.npmjs.org/thenify-all/-/thenify-all-1.6.0.tgz 0ms (cache hit)
1068 http cache ts-interface-checker@https://registry.npmjs.org/ts-interface-checker/-/ts-interface-checker-0.1.13.tgz 0ms (cache hit)
1069 http cache object-assign@https://registry.npmjs.org/object-assign/-/object-assign-4.1.1.tgz 0ms (cache hit)
1070 http cache tinyglobby@https://registry.npmjs.org/tinyglobby/-/tinyglobby-0.2.17.tgz 0ms (cache hit)
1071 http cache pirates@https://registry.npmjs.org/pirates/-/pirates-4.0.7.tgz 0ms (cache hit)
1072 http cache mz@https://registry.npmjs.org/mz/-/mz-2.7.0.tgz 0ms (cache hit)
1073 http cache lines-and-columns@https://registry.npmjs.org/lines-and-columns/-/lines-and-columns-1.2.4.tgz 0ms (cache hit)
1074 http cache commander@https://registry.npmjs.org/commander/-/commander-4.1.1.tgz 0ms (cache hit)
1075 http cache queue-microtask@https://registry.npmjs.org/queue-microtask/-/queue-microtask-1.2.3.tgz 0ms (cache hit)
1076 http cache function-bind@https://registry.npmjs.org/function-bind/-/function-bind-1.1.2.tgz 0ms (cache hit)
1077 http cache hasown@https://registry.npmjs.org/hasown/-/hasown-2.0.4.tgz 0ms (cache hit)
1078 http cache supports-preserve-symlinks-flag@https://registry.npmjs.org/supports-preserve-symlinks-flag/-/supports-preserve-symlinks-flag-1.0.0.tgz 0ms (cache hit)
1079 http cache path-parse@https://registry.npmjs.org/path-parse/-/path-parse-1.0.7.tgz 0ms (cache hit)
1080 http cache is-core-module@https://registry.npmjs.org/is-core-module/-/is-core-module-2.16.2.tgz 0ms (cache hit)
1081 http cache pify@https://registry.npmjs.org/pify/-/pify-2.3.0.tgz 0ms (cache hit)
1082 http cache es-errors@https://registry.npmjs.org/es-errors/-/es-errors-1.3.0.tgz 0ms (cache hit)
1083 http cache util-deprecate@https://registry.npmjs.org/util-deprecate/-/util-deprecate-1.0.2.tgz 0ms (cache hit)
1084 http cache cssesc@https://registry.npmjs.org/cssesc/-/cssesc-3.0.0.tgz 0ms (cache hit)
1085 http cache read-cache@https://registry.npmjs.org/read-cache/-/read-cache-1.0.0.tgz 0ms (cache hit)
1086 http cache camelcase-css@https://registry.npmjs.org/camelcase-css/-/camelcase-css-2.0.1.tgz 0ms (cache hit)
1087 http cache binary-extensions@https://registry.npmjs.org/binary-extensions/-/binary-extensions-2.3.0.tgz 0ms (cache hit)
1088 http cache to-regex-range@https://registry.npmjs.org/to-regex-range/-/to-regex-range-5.0.1.tgz 0ms (cache hit)
1089 http cache is-extglob@https://registry.npmjs.org/is-extglob/-/is-extglob-2.1.1.tgz 0ms (cache hit)
1090 http cache run-parallel@https://registry.npmjs.org/run-parallel/-/run-parallel-1.2.0.tgz 0ms (cache hit)
1091 http cache reusify@https://registry.npmjs.org/reusify/-/reusify-1.1.0.tgz 0ms (cache hit)
1092 http cache merge2@https://registry.npmjs.org/merge2/-/merge2-1.4.1.tgz 0ms (cache hit)
1093 http cache fastq@https://registry.npmjs.org/fastq/-/fastq-1.20.1.tgz 0ms (cache hit)
1094 http cache picomatch@https://registry.npmjs.org/picomatch/-/picomatch-2.3.2.tgz 0ms (cache hit)
1095 http cache @nodelib/fs.stat@https://registry.npmjs.org/@nodelib/fs.stat/-/fs.stat-2.0.5.tgz 0ms (cache hit)
1096 http cache @nodelib/fs.scandir@https://registry.npmjs.org/@nodelib/fs.scandir/-/fs.scandir-2.1.5.tgz 0ms (cache hit)
1097 http cache fill-range@https://registry.npmjs.org/fill-range/-/fill-range-7.1.1.tgz 0ms (cache hit)
1098 http cache readdirp@https://registry.npmjs.org/readdirp/-/readdirp-3.6.0.tgz 0ms (cache hit)
1099 http cache is-binary-path@https://registry.npmjs.org/is-binary-path/-/is-binary-path-2.1.0.tgz 0ms (cache hit)
1100 http cache @nodelib/fs.walk@https://registry.npmjs.org/@nodelib/fs.walk/-/fs.walk-1.2.8.tgz 0ms (cache hit)
1101 http cache braces@https://registry.npmjs.org/braces/-/braces-3.0.3.tgz 0ms (cache hit)
1102 http cache resolve@https://registry.npmjs.org/resolve/-/resolve-1.22.12.tgz 0ms (cache hit)
1103 http cache anymatch@https://registry.npmjs.org/anymatch/-/anymatch-3.1.3.tgz 0ms (cache hit)
1104 http cache sucrase@https://registry.npmjs.org/sucrase/-/sucrase-3.35.1.tgz 0ms (cache hit)
1105 http cache postcss-nested@https://registry.npmjs.org/postcss-nested/-/postcss-nested-6.2.0.tgz 0ms (cache hit)
1106 http cache postcss-js@https://registry.npmjs.org/postcss-js/-/postcss-js-4.1.0.tgz 0ms (cache hit)
1107 http cache postcss-selector-parser@https://registry.npmjs.org/postcss-selector-parser/-/postcss-selector-parser-6.1.4.tgz 1ms (cache hit)
1108 http cache postcss-load-config@https://registry.npmjs.org/postcss-load-config/-/postcss-load-config-6.0.1.tgz 0ms (cache hit)
1109 http cache postcss-import@https://registry.npmjs.org/postcss-import/-/postcss-import-15.1.0.tgz 0ms (cache hit)
1110 http cache normalize-path@https://registry.npmjs.org/normalize-path/-/normalize-path-3.0.0.tgz 0ms (cache hit)
1111 http cache object-hash@https://registry.npmjs.org/object-hash/-/object-hash-3.0.0.tgz 0ms (cache hit)
1112 http cache micromatch@https://registry.npmjs.org/micromatch/-/micromatch-4.0.8.tgz 0ms (cache hit)
1113 http cache lilconfig@https://registry.npmjs.org/lilconfig/-/lilconfig-3.1.3.tgz 0ms (cache hit)
1114 http cache jiti@https://registry.npmjs.org/jiti/-/jiti-1.21.7.tgz 0ms (cache hit)
1115 http cache is-glob@https://registry.npmjs.org/is-glob/-/is-glob-4.0.3.tgz 0ms (cache hit)
1116 http cache fast-glob@https://registry.npmjs.org/fast-glob/-/fast-glob-3.3.3.tgz 0ms (cache hit)
1117 http cache glob-parent@https://registry.npmjs.org/glob-parent/-/glob-parent-6.0.2.tgz 0ms (cache hit)
1118 http cache didyoumean@https://registry.npmjs.org/didyoumean/-/didyoumean-1.2.2.tgz 0ms (cache hit)
1119 http cache dlv@https://registry.npmjs.org/dlv/-/dlv-1.1.3.tgz 0ms (cache hit)
1120 http cache chokidar@https://registry.npmjs.org/chokidar/-/chokidar-3.6.0.tgz 0ms (cache hit)
1121 http cache arg@https://registry.npmjs.org/arg/-/arg-5.0.2.tgz 0ms (cache hit)
1122 http cache source-map-js@https://registry.npmjs.org/source-map-js/-/source-map-js-1.2.1.tgz 0ms (cache hit)
1123 http cache scheduler@https://registry.npmjs.org/scheduler/-/scheduler-0.27.0.tgz 1ms (cache hit)
1124 http cache nanoid@https://registry.npmjs.org/nanoid/-/nanoid-3.3.18.tgz 0ms (cache hit)
1125 http cache @alloc/quick-lru@https://registry.npmjs.org/@alloc/quick-lru/-/quick-lru-5.2.0.tgz 0ms (cache hit)
1126 http cache yallist@https://registry.npmjs.org/yallist/-/yallist-3.1.1.tgz 0ms (cache hit)
1127 http cache node-releases@https://registry.npmjs.org/node-releases/-/node-releases-2.0.53.tgz 0ms (cache hit)
1128 http cache ms@https://registry.npmjs.org/ms/-/ms-2.1.3.tgz 0ms (cache hit)
1129 http cache update-browserslist-db@https://registry.npmjs.org/update-browserslist-db/-/update-browserslist-db-1.3.0.tgz 0ms (cache hit)
1130 http cache baseline-browser-mapping@https://registry.npmjs.org/baseline-browser-mapping/-/baseline-browser-mapping-2.11.13.tgz 0ms (cache hit)
1131 http cache @types/babel__template@https://registry.npmjs.org/@types/babel__template/-/babel__template-7.4.4.tgz 0ms (cache hit)
1132 http cache electron-to-chromium@https://registry.npmjs.org/electron-to-chromium/-/electron-to-chromium-1.5.403.tgz 0ms (cache hit)
1133 http cache @types/babel__traverse@https://registry.npmjs.org/@types/babel__traverse/-/babel__traverse-7.28.0.tgz 0ms (cache hit)
1134 http cache postcss-value-parser@https://registry.npmjs.org/postcss-value-parser/-/postcss-value-parser-4.2.0.tgz 0ms (cache hit)
1135 http cache @types/babel__generator@https://registry.npmjs.org/@types/babel__generator/-/babel__generator-7.27.0.tgz 0ms (cache hit)
1136 http cache fraction.js@https://registry.npmjs.org/fraction.js/-/fraction.js-5.3.4.tgz 0ms (cache hit)
1137 http cache caniuse-lite@https://registry.npmjs.org/caniuse-lite/-/caniuse-lite-1.0.30001809.tgz 0ms (cache hit)
1138 http cache @jridgewell/sourcemap-codec@https://registry.npmjs.org/@jridgewell/sourcemap-codec/-/sourcemap-codec-1.5.5.tgz 0ms (cache hit)
1139 http cache @jridgewell/resolve-uri@https://registry.npmjs.org/@jridgewell/resolve-uri/-/resolve-uri-3.1.2.tgz 0ms (cache hit)
1140 http cache @babel/helper-string-parser@https://registry.npmjs.org/@babel/helper-string-parser/-/helper-string-parser-7.29.7.tgz 0ms (cache hit)
1141 http cache @babel/helper-plugin-utils@https://registry.npmjs.org/@babel/helper-plugin-utils/-/helper-plugin-utils-7.29.7.tgz 0ms (cache hit)
1142 http cache lru-cache@https://registry.npmjs.org/lru-cache/-/lru-cache-5.1.1.tgz 0ms (cache hit)
1143 http cache @babel/helper-globals@https://registry.npmjs.org/@babel/helper-globals/-/helper-globals-7.29.7.tgz 0ms (cache hit)
1144 http cache browserslist@https://registry.npmjs.org/browserslist/-/browserslist-4.28.8.tgz 0ms (cache hit)
1145 http cache @babel/helper-module-imports@https://registry.npmjs.org/@babel/helper-module-imports/-/helper-module-imports-7.29.7.tgz 0ms (cache hit)
1146 http cache @babel/helper-validator-option@https://registry.npmjs.org/@babel/helper-validator-option/-/helper-validator-option-7.29.7.tgz 0ms (cache hit)
1147 http cache @jridgewell/trace-mapping@https://registry.npmjs.org/@jridgewell/trace-mapping/-/trace-mapping-0.3.31.tgz 0ms (cache hit)
1148 http cache @jridgewell/gen-mapping@https://registry.npmjs.org/@jridgewell/gen-mapping/-/gen-mapping-0.3.13.tgz 0ms (cache hit)
1149 http cache @babel/compat-data@https://registry.npmjs.org/@babel/compat-data/-/compat-data-7.29.7.tgz 0ms (cache hit)
1150 http cache jsesc@https://registry.npmjs.org/jsesc/-/jsesc-3.1.0.tgz 0ms (cache hit)
1151 http cache semver@https://registry.npmjs.org/semver/-/semver-6.3.1.tgz 0ms (cache hit)
1152 http cache js-tokens@https://registry.npmjs.org/js-tokens/-/js-tokens-4.0.0.tgz 0ms (cache hit)
1153 http cache @babel/helper-validator-identifier@https://registry.npmjs.org/@babel/helper-validator-identifier/-/helper-validator-identifier-7.29.7.tgz 0ms (cache hit)
1154 http cache picocolors@https://registry.npmjs.org/picocolors/-/picocolors-1.1.1.tgz 0ms (cache hit)
1155 http cache json5@https://registry.npmjs.org/json5/-/json5-2.2.3.tgz 0ms (cache hit)
1156 http cache @jridgewell/remapping@https://registry.npmjs.org/@jridgewell/remapping/-/remapping-2.3.5.tgz 0ms (cache hit)
1157 http cache @babel/types@https://registry.npmjs.org/@babel/types/-/types-7.29.8.tgz 0ms (cache hit)
1158 http cache debug@https://registry.npmjs.org/debug/-/debug-4.4.3.tgz 0ms (cache hit)
1159 http cache gensync@https://registry.npmjs.org/gensync/-/gensync-1.0.0-beta.2.tgz 0ms (cache hit)
1160 http cache @babel/parser@https://registry.npmjs.org/@babel/parser/-/parser-7.29.8.tgz 1ms (cache hit)
1161 http cache convert-source-map@https://registry.npmjs.org/convert-source-map/-/convert-source-map-2.0.0.tgz 0ms (cache hit)
1162 http cache @babel/traverse@https://registry.npmjs.org/@babel/traverse/-/traverse-7.29.8.tgz 0ms (cache hit)
1163 http cache @babel/helpers@https://registry.npmjs.org/@babel/helpers/-/helpers-7.29.7.tgz 0ms (cache hit)
1164 http cache @babel/code-frame@https://registry.npmjs.org/@babel/code-frame/-/code-frame-7.29.7.tgz 0ms (cache hit)
1165 http cache @babel/template@https://registry.npmjs.org/@babel/template/-/template-7.29.7.tgz 0ms (cache hit)
1166 http cache @babel/generator@https://registry.npmjs.org/@babel/generator/-/generator-7.29.8.tgz 0ms (cache hit)
1167 http cache react-refresh@https://registry.npmjs.org/react-refresh/-/react-refresh-0.17.0.tgz 0ms (cache hit)
1168 http cache @babel/helper-compilation-targets@https://registry.npmjs.org/@babel/helper-compilation-targets/-/helper-compilation-targets-7.29.7.tgz 0ms (cache hit)
1169 http cache @types/babel__core@https://registry.npmjs.org/@types/babel__core/-/babel__core-7.20.5.tgz 0ms (cache hit)
1170 http cache @rolldown/pluginutils@https://registry.npmjs.org/@rolldown/pluginutils/-/pluginutils-1.0.0-beta.27.tgz 0ms (cache hit)
1171 http cache @babel/helper-module-transforms@https://registry.npmjs.org/@babel/helper-module-transforms/-/helper-module-transforms-7.29.7.tgz 0ms (cache hit)
1172 http cache @babel/plugin-transform-react-jsx-source@https://registry.npmjs.org/@babel/plugin-transform-react-jsx-source/-/plugin-transform-react-jsx-source-7.29.7.tgz 0ms (cache hit)
1173 http cache react@https://registry.npmjs.org/react/-/react-19.2.8.tgz 0ms (cache hit)
1174 http cache @babel/core@https://registry.npmjs.org/@babel/core/-/core-7.29.7.tgz 0ms (cache hit)
1175 http cache @babel/plugin-transform-react-jsx-self@https://registry.npmjs.org/@babel/plugin-transform-react-jsx-self/-/plugin-transform-react-jsx-self-7.29.7.tgz 1ms (cache hit)
1176 http cache autoprefixer@https://registry.npmjs.org/autoprefixer/-/autoprefixer-10.5.4.tgz 0ms (cache hit)
1177 http cache postcss@https://registry.npmjs.org/postcss/-/postcss-8.5.26.tgz 0ms (cache hit)
1178 http cache react-dom@https://registry.npmjs.org/react-dom/-/react-dom-19.2.8.tgz 0ms (cache hit)
1179 http cache tailwindcss@https://registry.npmjs.org/tailwindcss/-/tailwindcss-3.4.19.tgz 0ms (cache hit)
1180 http cache @vitejs/plugin-react@https://registry.npmjs.org/@vitejs/plugin-react/-/plugin-react-4.7.0.tgz 0ms (cache hit)
1181 http cache vite@https://registry.npmjs.org/vite/-/vite-6.4.3.tgz 0ms (cache hit)
1182 http cache picomatch@https://registry.npmjs.org/picomatch/-/picomatch-4.0.5.tgz 0ms (cache hit)
1183 http cache fdir@https://registry.npmjs.org/fdir/-/fdir-6.5.0.tgz 0ms (cache hit)
1184 http cache glob-parent@https://registry.npmjs.org/glob-parent/-/glob-parent-5.1.2.tgz 0ms (cache hit)
1185 silly tarball no local data for @types/estree@https://registry.npmjs.org/@types/estree/-/estree-1.0.9.tgz. Extracting by manifest.
1186 silly tarball no local data for rollup@https://registry.npmjs.org/rollup/-/rollup-4.62.4.tgz. Extracting by manifest.
1187 silly tarball no local data for @rollup/rollup-win32-x64-gnu@https://registry.npmjs.org/@rollup/rollup-win32-x64-gnu/-/rollup-win32-x64-gnu-4.62.4.tgz. Extracting by manifest.
1188 http cache glob-parent@https://registry.npmjs.org/glob-parent/-/glob-parent-5.1.2.tgz 0ms (cache hit)
1189 silly tarball no local data for @rollup/rollup-win32-x64-msvc@https://registry.npmjs.org/@rollup/rollup-win32-x64-msvc/-/rollup-win32-x64-msvc-4.62.4.tgz. Extracting by manifest.
1190 http cache fdir@https://registry.npmjs.org/fdir/-/fdir-6.5.0.tgz 0ms (cache hit)
1191 silly tarball no local data for @esbuild/win32-x64@https://registry.npmjs.org/@esbuild/win32-x64/-/win32-x64-0.25.12.tgz. Extracting by manifest.
1192 silly tarball no local data for escalade@https://registry.npmjs.org/escalade/-/escalade-3.2.0.tgz. Extracting by manifest.
1193 silly tarball no local data for esbuild@https://registry.npmjs.org/esbuild/-/esbuild-0.25.12.tgz. Extracting by manifest.
1194 http cache picomatch@https://registry.npmjs.org/picomatch/-/picomatch-4.0.5.tgz 0ms (cache hit)
1195 silly tarball no local data for thenify@https://registry.npmjs.org/thenify/-/thenify-3.3.1.tgz. Extracting by manifest.
1196 silly tarball no local data for is-number@https://registry.npmjs.org/is-number/-/is-number-7.0.0.tgz. Extracting by manifest.
1197 silly tarball no local data for any-promise@https://registry.npmjs.org/any-promise/-/any-promise-1.3.0.tgz. Extracting by manifest.
1198 silly tarball no local data for thenify-all@https://registry.npmjs.org/thenify-all/-/thenify-all-1.6.0.tgz. Extracting by manifest.
1199 silly tarball no local data for ts-interface-checker@https://registry.npmjs.org/ts-interface-checker/-/ts-interface-checker-0.1.13.tgz. Extracting by manifest.
1200 silly tarball no local data for tinyglobby@https://registry.npmjs.org/tinyglobby/-/tinyglobby-0.2.17.tgz. Extracting by manifest.
1201 silly tarball no local data for pirates@https://registry.npmjs.org/pirates/-/pirates-4.0.7.tgz. Extracting by manifest.
1202 silly tarball no local data for mz@https://registry.npmjs.org/mz/-/mz-2.7.0.tgz. Extracting by manifest.
1203 silly tarball no local data for lines-and-columns@https://registry.npmjs.org/lines-and-columns/-/lines-and-columns-1.2.4.tgz. Extracting by manifest.
1204 silly tarball no local data for commander@https://registry.npmjs.org/commander/-/commander-4.1.1.tgz. Extracting by manifest.
1205 silly tarball no local data for queue-microtask@https://registry.npmjs.org/queue-microtask/-/queue-microtask-1.2.3.tgz. Extracting by manifest.
1206 silly tarball no local data for supports-preserve-symlinks-flag@https://registry.npmjs.org/supports-preserve-symlinks-flag/-/supports-preserve-symlinks-flag-1.0.0.tgz. Extracting by manifest.
1207 silly tarball no local data for path-parse@https://registry.npmjs.org/path-parse/-/path-parse-1.0.7.tgz. Extracting by manifest.
1208 silly tarball no local data for is-core-module@https://registry.npmjs.org/is-core-module/-/is-core-module-2.16.2.tgz. Extracting by manifest.
1209 silly tarball no local data for pify@https://registry.npmjs.org/pify/-/pify-2.3.0.tgz. Extracting by manifest.
1210 silly tarball no local data for util-deprecate@https://registry.npmjs.org/util-deprecate/-/util-deprecate-1.0.2.tgz. Extracting by manifest.
1211 silly tarball no local data for cssesc@https://registry.npmjs.org/cssesc/-/cssesc-3.0.0.tgz. Extracting by manifest.
1212 silly tarball no local data for read-cache@https://registry.npmjs.org/read-cache/-/read-cache-1.0.0.tgz. Extracting by manifest.
1213 silly tarball no local data for camelcase-css@https://registry.npmjs.org/camelcase-css/-/camelcase-css-2.0.1.tgz. Extracting by manifest.
1214 silly tarball no local data for binary-extensions@https://registry.npmjs.org/binary-extensions/-/binary-extensions-2.3.0.tgz. Extracting by manifest.
1215 silly tarball no local data for to-regex-range@https://registry.npmjs.org/to-regex-range/-/to-regex-range-5.0.1.tgz. Extracting by manifest.
1216 silly tarball no local data for is-extglob@https://registry.npmjs.org/is-extglob/-/is-extglob-2.1.1.tgz. Extracting by manifest.
1217 silly tarball no local data for run-parallel@https://registry.npmjs.org/run-parallel/-/run-parallel-1.2.0.tgz. Extracting by manifest.
1218 silly tarball no local data for reusify@https://registry.npmjs.org/reusify/-/reusify-1.1.0.tgz. Extracting by manifest.
1219 silly tarball no local data for merge2@https://registry.npmjs.org/merge2/-/merge2-1.4.1.tgz. Extracting by manifest.
1220 silly tarball no local data for fastq@https://registry.npmjs.org/fastq/-/fastq-1.20.1.tgz. Extracting by manifest.
1221 silly tarball no local data for picomatch@https://registry.npmjs.org/picomatch/-/picomatch-2.3.2.tgz. Extracting by manifest.
1222 silly tarball no local data for @nodelib/fs.stat@https://registry.npmjs.org/@nodelib/fs.stat/-/fs.stat-2.0.5.tgz. Extracting by manifest.
1223 silly tarball no local data for @nodelib/fs.scandir@https://registry.npmjs.org/@nodelib/fs.scandir/-/fs.scandir-2.1.5.tgz. Extracting by manifest.
1224 silly tarball no local data for fill-range@https://registry.npmjs.org/fill-range/-/fill-range-7.1.1.tgz. Extracting by manifest.
1225 silly tarball no local data for readdirp@https://registry.npmjs.org/readdirp/-/readdirp-3.6.0.tgz. Extracting by manifest.
1226 silly tarball no local data for is-binary-path@https://registry.npmjs.org/is-binary-path/-/is-binary-path-2.1.0.tgz. Extracting by manifest.
1227 silly tarball no local data for @nodelib/fs.walk@https://registry.npmjs.org/@nodelib/fs.walk/-/fs.walk-1.2.8.tgz. Extracting by manifest.
1228 silly tarball no local data for braces@https://registry.npmjs.org/braces/-/braces-3.0.3.tgz. Extracting by manifest.
1229 silly tarball no local data for resolve@https://registry.npmjs.org/resolve/-/resolve-1.22.12.tgz. Extracting by manifest.
1230 silly tarball no local data for anymatch@https://registry.npmjs.org/anymatch/-/anymatch-3.1.3.tgz. Extracting by manifest.
1231 silly tarball no local data for sucrase@https://registry.npmjs.org/sucrase/-/sucrase-3.35.1.tgz. Extracting by manifest.
1232 silly tarball no local data for postcss-nested@https://registry.npmjs.org/postcss-nested/-/postcss-nested-6.2.0.tgz. Extracting by manifest.
1233 silly tarball no local data for postcss-js@https://registry.npmjs.org/postcss-js/-/postcss-js-4.1.0.tgz. Extracting by manifest.
1234 silly tarball no local data for postcss-selector-parser@https://registry.npmjs.org/postcss-selector-parser/-/postcss-selector-parser-6.1.4.tgz. Extracting by manifest.
1235 silly tarball no local data for postcss-load-config@https://registry.npmjs.org/postcss-load-config/-/postcss-load-config-6.0.1.tgz. Extracting by manifest.
1236 silly tarball no local data for postcss-import@https://registry.npmjs.org/postcss-import/-/postcss-import-15.1.0.tgz. Extracting by manifest.
1237 silly tarball no local data for normalize-path@https://registry.npmjs.org/normalize-path/-/normalize-path-3.0.0.tgz. Extracting by manifest.
1238 silly tarball no local data for object-hash@https://registry.npmjs.org/object-hash/-/object-hash-3.0.0.tgz. Extracting by manifest.
1239 silly tarball no local data for micromatch@https://registry.npmjs.org/micromatch/-/micromatch-4.0.8.tgz. Extracting by manifest.
1240 silly tarball no local data for lilconfig@https://registry.npmjs.org/lilconfig/-/lilconfig-3.1.3.tgz. Extracting by manifest.
1241 silly tarball no local data for jiti@https://registry.npmjs.org/jiti/-/jiti-1.21.7.tgz. Extracting by manifest.
1242 silly tarball no local data for is-glob@https://registry.npmjs.org/is-glob/-/is-glob-4.0.3.tgz. Extracting by manifest.
1243 silly tarball no local data for fast-glob@https://registry.npmjs.org/fast-glob/-/fast-glob-3.3.3.tgz. Extracting by manifest.
1244 silly tarball no local data for glob-parent@https://registry.npmjs.org/glob-parent/-/glob-parent-6.0.2.tgz. Extracting by manifest.
1245 silly tarball no local data for didyoumean@https://registry.npmjs.org/didyoumean/-/didyoumean-1.2.2.tgz. Extracting by manifest.
1246 silly tarball no local data for dlv@https://registry.npmjs.org/dlv/-/dlv-1.1.3.tgz. Extracting by manifest.
1247 silly tarball no local data for chokidar@https://registry.npmjs.org/chokidar/-/chokidar-3.6.0.tgz. Extracting by manifest.
1248 silly tarball no local data for arg@https://registry.npmjs.org/arg/-/arg-5.0.2.tgz. Extracting by manifest.
1249 silly tarball no local data for source-map-js@https://registry.npmjs.org/source-map-js/-/source-map-js-1.2.1.tgz. Extracting by manifest.
1250 silly tarball no local data for scheduler@https://registry.npmjs.org/scheduler/-/scheduler-0.27.0.tgz. Extracting by manifest.
1251 silly tarball no local data for nanoid@https://registry.npmjs.org/nanoid/-/nanoid-3.3.18.tgz. Extracting by manifest.
1252 silly tarball no local data for @alloc/quick-lru@https://registry.npmjs.org/@alloc/quick-lru/-/quick-lru-5.2.0.tgz. Extracting by manifest.
1253 silly tarball no local data for yallist@https://registry.npmjs.org/yallist/-/yallist-3.1.1.tgz. Extracting by manifest.
1254 silly tarball no local data for node-releases@https://registry.npmjs.org/node-releases/-/node-releases-2.0.53.tgz. Extracting by manifest.
1255 silly tarball no local data for update-browserslist-db@https://registry.npmjs.org/update-browserslist-db/-/update-browserslist-db-1.3.0.tgz. Extracting by manifest.
1256 silly tarball no local data for baseline-browser-mapping@https://registry.npmjs.org/baseline-browser-mapping/-/baseline-browser-mapping-2.11.13.tgz. Extracting by manifest.
1257 silly tarball no local data for @types/babel__template@https://registry.npmjs.org/@types/babel__template/-/babel__template-7.4.4.tgz. Extracting by manifest.
1258 silly tarball no local data for electron-to-chromium@https://registry.npmjs.org/electron-to-chromium/-/electron-to-chromium-1.5.403.tgz. Extracting by manifest.
1259 silly tarball no local data for @types/babel__traverse@https://registry.npmjs.org/@types/babel__traverse/-/babel__traverse-7.28.0.tgz. Extracting by manifest.
1260 silly tarball no local data for postcss-value-parser@https://registry.npmjs.org/postcss-value-parser/-/postcss-value-parser-4.2.0.tgz. Extracting by manifest.
1261 silly tarball no local data for @types/babel__generator@https://registry.npmjs.org/@types/babel__generator/-/babel__generator-7.27.0.tgz. Extracting by manifest.
1262 silly tarball no local data for fraction.js@https://registry.npmjs.org/fraction.js/-/fraction.js-5.3.4.tgz. Extracting by manifest.
1263 silly tarball no local data for caniuse-lite@https://registry.npmjs.org/caniuse-lite/-/caniuse-lite-1.0.30001809.tgz. Extracting by manifest.
1264 silly tarball no local data for @jridgewell/sourcemap-codec@https://registry.npmjs.org/@jridgewell/sourcemap-codec/-/sourcemap-codec-1.5.5.tgz. Extracting by manifest.
1265 silly tarball no local data for @jridgewell/resolve-uri@https://registry.npmjs.org/@jridgewell/resolve-uri/-/resolve-uri-3.1.2.tgz. Extracting by manifest.
1266 silly tarball no local data for @babel/helper-string-parser@https://registry.npmjs.org/@babel/helper-string-parser/-/helper-string-parser-7.29.7.tgz. Extracting by manifest.
1267 silly tarball no local data for @babel/helper-plugin-utils@https://registry.npmjs.org/@babel/helper-plugin-utils/-/helper-plugin-utils-7.29.7.tgz. Extracting by manifest.
1268 silly tarball no local data for lru-cache@https://registry.npmjs.org/lru-cache/-/lru-cache-5.1.1.tgz. Extracting by manifest.
1269 silly tarball no local data for @babel/helper-globals@https://registry.npmjs.org/@babel/helper-globals/-/helper-globals-7.29.7.tgz. Extracting by manifest.
1270 silly tarball no local data for browserslist@https://registry.npmjs.org/browserslist/-/browserslist-4.28.8.tgz. Extracting by manifest.
1271 silly tarball no local data for @babel/helper-module-imports@https://registry.npmjs.org/@babel/helper-module-imports/-/helper-module-imports-7.29.7.tgz. Extracting by manifest.
1272 silly tarball no local data for @babel/helper-validator-option@https://registry.npmjs.org/@babel/helper-validator-option/-/helper-validator-option-7.29.7.tgz. Extracting by manifest.
1273 silly tarball no local data for @jridgewell/trace-mapping@https://registry.npmjs.org/@jridgewell/trace-mapping/-/trace-mapping-0.3.31.tgz. Extracting by manifest.
1274 silly tarball no local data for @jridgewell/gen-mapping@https://registry.npmjs.org/@jridgewell/gen-mapping/-/gen-mapping-0.3.13.tgz. Extracting by manifest.
1275 silly tarball no local data for @babel/compat-data@https://registry.npmjs.org/@babel/compat-data/-/compat-data-7.29.7.tgz. Extracting by manifest.
1276 silly tarball no local data for jsesc@https://registry.npmjs.org/jsesc/-/jsesc-3.1.0.tgz. Extracting by manifest.
1277 silly tarball no local data for semver@https://registry.npmjs.org/semver/-/semver-6.3.1.tgz. Extracting by manifest.
1278 silly tarball no local data for js-tokens@https://registry.npmjs.org/js-tokens/-/js-tokens-4.0.0.tgz. Extracting by manifest.
1279 silly tarball no local data for @babel/helper-validator-identifier@https://registry.npmjs.org/@babel/helper-validator-identifier/-/helper-validator-identifier-7.29.7.tgz. Extracting by manifest.
1280 silly tarball no local data for picocolors@https://registry.npmjs.org/picocolors/-/picocolors-1.1.1.tgz. Extracting by manifest.
1281 silly tarball no local data for json5@https://registry.npmjs.org/json5/-/json5-2.2.3.tgz. Extracting by manifest.
1282 silly tarball no local data for @jridgewell/remapping@https://registry.npmjs.org/@jridgewell/remapping/-/remapping-2.3.5.tgz. Extracting by manifest.
1283 silly tarball no local data for @babel/types@https://registry.npmjs.org/@babel/types/-/types-7.29.8.tgz. Extracting by manifest.
1284 silly tarball no local data for gensync@https://registry.npmjs.org/gensync/-/gensync-1.0.0-beta.2.tgz. Extracting by manifest.
1285 silly tarball no local data for @babel/parser@https://registry.npmjs.org/@babel/parser/-/parser-7.29.8.tgz. Extracting by manifest.
1286 silly tarball no local data for convert-source-map@https://registry.npmjs.org/convert-source-map/-/convert-source-map-2.0.0.tgz. Extracting by manifest.
1287 silly tarball no local data for @babel/traverse@https://registry.npmjs.org/@babel/traverse/-/traverse-7.29.8.tgz. Extracting by manifest.
1288 silly tarball no local data for @babel/helpers@https://registry.npmjs.org/@babel/helpers/-/helpers-7.29.7.tgz. Extracting by manifest.
1289 silly tarball no local data for @babel/code-frame@https://registry.npmjs.org/@babel/code-frame/-/code-frame-7.29.7.tgz. Extracting by manifest.
1290 silly tarball no local data for @babel/template@https://registry.npmjs.org/@babel/template/-/template-7.29.7.tgz. Extracting by manifest.
1291 silly tarball no local data for @babel/generator@https://registry.npmjs.org/@babel/generator/-/generator-7.29.8.tgz. Extracting by manifest.
1292 silly tarball no local data for react-refresh@https://registry.npmjs.org/react-refresh/-/react-refresh-0.17.0.tgz. Extracting by manifest.
1293 silly tarball no local data for @babel/helper-compilation-targets@https://registry.npmjs.org/@babel/helper-compilation-targets/-/helper-compilation-targets-7.29.7.tgz. Extracting by manifest.
1294 silly tarball no local data for @types/babel__core@https://registry.npmjs.org/@types/babel__core/-/babel__core-7.20.5.tgz. Extracting by manifest.
1295 silly tarball no local data for @rolldown/pluginutils@https://registry.npmjs.org/@rolldown/pluginutils/-/pluginutils-1.0.0-beta.27.tgz. Extracting by manifest.
1296 silly tarball no local data for @babel/helper-module-transforms@https://registry.npmjs.org/@babel/helper-module-transforms/-/helper-module-transforms-7.29.7.tgz. Extracting by manifest.
1297 silly tarball no local data for @babel/plugin-transform-react-jsx-source@https://registry.npmjs.org/@babel/plugin-transform-react-jsx-source/-/plugin-transform-react-jsx-source-7.29.7.tgz. Extracting by manifest.
1298 silly tarball no local data for react@https://registry.npmjs.org/react/-/react-19.2.8.tgz. Extracting by manifest.
1299 silly tarball no local data for @babel/core@https://registry.npmjs.org/@babel/core/-/core-7.29.7.tgz. Extracting by manifest.
1300 silly tarball no local data for @babel/plugin-transform-react-jsx-self@https://registry.npmjs.org/@babel/plugin-transform-react-jsx-self/-/plugin-transform-react-jsx-self-7.29.7.tgz. Extracting by manifest.
1301 silly tarball no local data for autoprefixer@https://registry.npmjs.org/autoprefixer/-/autoprefixer-10.5.4.tgz. Extracting by manifest.
1302 silly tarball no local data for postcss@https://registry.npmjs.org/postcss/-/postcss-8.5.26.tgz. Extracting by manifest.
1303 silly tarball no local data for react-dom@https://registry.npmjs.org/react-dom/-/react-dom-19.2.8.tgz. Extracting by manifest.
1304 silly tarball no local data for tailwindcss@https://registry.npmjs.org/tailwindcss/-/tailwindcss-3.4.19.tgz. Extracting by manifest.
1305 silly tarball no local data for @vitejs/plugin-react@https://registry.npmjs.org/@vitejs/plugin-react/-/plugin-react-4.7.0.tgz. Extracting by manifest.
1306 silly tarball no local data for vite@https://registry.npmjs.org/vite/-/vite-6.4.3.tgz. Extracting by manifest.
1307 silly tarball no local data for picomatch@https://registry.npmjs.org/picomatch/-/picomatch-4.0.5.tgz. Extracting by manifest.
1308 silly tarball no local data for fdir@https://registry.npmjs.org/fdir/-/fdir-6.5.0.tgz. Extracting by manifest.
1309 silly tarball no local data for glob-parent@https://registry.npmjs.org/glob-parent/-/glob-parent-5.1.2.tgz. Extracting by manifest.
1310 silly tarball no local data for glob-parent@https://registry.npmjs.org/glob-parent/-/glob-parent-5.1.2.tgz. Extracting by manifest.
1311 silly tarball no local data for fdir@https://registry.npmjs.org/fdir/-/fdir-6.5.0.tgz. Extracting by manifest.
1312 silly tarball no local data for picomatch@https://registry.npmjs.org/picomatch/-/picomatch-4.0.5.tgz. Extracting by manifest.
1313 http fetch POST 200 https://registry.npmjs.org/-/npm/v1/security/advisories/bulk 454ms
1314 silly audit report {}
1315 http fetch GET 200 https://registry.npmjs.org/is-number/-/is-number-7.0.0.tgz 332ms (cache miss)
1316 http fetch GET 200 https://registry.npmjs.org/any-promise/-/any-promise-1.3.0.tgz 336ms (cache miss)
1317 http fetch GET 200 https://registry.npmjs.org/thenify/-/thenify-3.3.1.tgz 349ms (cache miss)
1318 http fetch GET 200 https://registry.npmjs.org/escalade/-/escalade-3.2.0.tgz 360ms (cache miss)
1319 http fetch GET 200 https://registry.npmjs.org/@types/estree/-/estree-1.0.9.tgz 369ms (cache miss)
1320 http fetch GET 200 https://registry.npmjs.org/mz/-/mz-2.7.0.tgz 352ms (cache miss)
1321 http fetch GET 200 https://registry.npmjs.org/lines-and-columns/-/lines-and-columns-1.2.4.tgz 377ms (cache miss)
1322 http fetch GET 200 https://registry.npmjs.org/supports-preserve-symlinks-flag/-/supports-preserve-symlinks-flag-1.0.0.tgz 393ms (cache miss)
1323 http fetch GET 200 https://registry.npmjs.org/queue-microtask/-/queue-microtask-1.2.3.tgz 398ms (cache miss)
1324 http fetch GET 200 https://registry.npmjs.org/util-deprecate/-/util-deprecate-1.0.2.tgz 398ms (cache miss)
1325 http fetch GET 200 https://registry.npmjs.org/pify/-/pify-2.3.0.tgz 403ms (cache miss)
1326 http fetch GET 200 https://registry.npmjs.org/path-parse/-/path-parse-1.0.7.tgz 407ms (cache miss)
1327 http fetch GET 200 https://registry.npmjs.org/esbuild/-/esbuild-0.25.12.tgz 428ms (cache miss)
1328 http fetch GET 200 https://registry.npmjs.org/commander/-/commander-4.1.1.tgz 452ms (cache miss)
1329 http fetch GET 200 https://registry.npmjs.org/to-regex-range/-/to-regex-range-5.0.1.tgz 521ms (cache miss)
1330 http fetch GET 200 https://registry.npmjs.org/binary-extensions/-/binary-extensions-2.3.0.tgz 523ms (cache miss)
1331 http fetch GET 200 https://registry.npmjs.org/camelcase-css/-/camelcase-css-2.0.1.tgz 525ms (cache miss)
1332 http fetch GET 200 https://registry.npmjs.org/cssesc/-/cssesc-3.0.0.tgz 528ms (cache miss)
1333 http fetch GET 200 https://registry.npmjs.org/is-core-module/-/is-core-module-2.16.2.tgz 547ms (cache miss)
1334 http fetch GET 200 https://registry.npmjs.org/read-cache/-/read-cache-1.0.0.tgz 554ms (cache miss)
1335 http fetch GET 200 https://registry.npmjs.org/is-extglob/-/is-extglob-2.1.1.tgz 556ms (cache miss)
1336 http fetch GET 200 https://registry.npmjs.org/thenify-all/-/thenify-all-1.6.0.tgz 577ms (cache miss)
1337 http fetch GET 200 https://registry.npmjs.org/pirates/-/pirates-4.0.7.tgz 610ms (cache miss)
1338 http fetch GET 200 https://registry.npmjs.org/is-binary-path/-/is-binary-path-2.1.0.tgz 591ms (cache miss)
1339 http fetch GET 200 https://registry.npmjs.org/merge2/-/merge2-1.4.1.tgz 606ms (cache miss)
1340 http fetch GET 200 https://registry.npmjs.org/reusify/-/reusify-1.1.0.tgz 609ms (cache miss)
1341 http fetch GET 200 https://registry.npmjs.org/run-parallel/-/run-parallel-1.2.0.tgz 611ms (cache miss)
1342 http fetch GET 200 https://registry.npmjs.org/fill-range/-/fill-range-7.1.1.tgz 604ms (cache miss)
1343 http fetch GET 200 https://registry.npmjs.org/@nodelib/fs.stat/-/fs.stat-2.0.5.tgz 610ms (cache miss)
1344 http fetch GET 200 https://registry.npmjs.org/@nodelib/fs.scandir/-/fs.scandir-2.1.5.tgz 614ms (cache miss)
1345 http fetch GET 200 https://registry.npmjs.org/readdirp/-/readdirp-3.6.0.tgz 614ms (cache miss)
1346 http fetch GET 200 https://registry.npmjs.org/tinyglobby/-/tinyglobby-0.2.17.tgz 662ms (cache miss)
1347 http fetch GET 200 https://registry.npmjs.org/normalize-path/-/normalize-path-3.0.0.tgz 665ms (cache miss)
1348 http fetch GET 200 https://registry.npmjs.org/ts-interface-checker/-/ts-interface-checker-0.1.13.tgz 706ms (cache miss)
1349 http fetch GET 200 https://registry.npmjs.org/anymatch/-/anymatch-3.1.3.tgz 676ms (cache miss)
1350 http fetch GET 200 https://registry.npmjs.org/postcss-nested/-/postcss-nested-6.2.0.tgz 678ms (cache miss)
1351 http fetch GET 200 https://registry.npmjs.org/postcss-js/-/postcss-js-4.1.0.tgz 679ms (cache miss)
1352 http fetch GET 200 https://registry.npmjs.org/braces/-/braces-3.0.3.tgz 778ms (cache miss)
1353 http fetch GET 200 https://registry.npmjs.org/picomatch/-/picomatch-2.3.2.tgz 793ms (cache miss)
1354 http fetch GET 200 https://registry.npmjs.org/postcss-load-config/-/postcss-load-config-6.0.1.tgz 782ms (cache miss)
1355 http fetch GET 200 https://registry.npmjs.org/is-glob/-/is-glob-4.0.3.tgz 780ms (cache miss)
1356 http fetch GET 200 https://registry.npmjs.org/fastq/-/fastq-1.20.1.tgz 803ms (cache miss)
1357 http fetch GET 200 https://registry.npmjs.org/glob-parent/-/glob-parent-6.0.2.tgz 791ms (cache miss)
1358 http fetch GET 200 https://registry.npmjs.org/lilconfig/-/lilconfig-3.1.3.tgz 848ms (cache miss)
1359 http fetch GET 200 https://registry.npmjs.org/object-hash/-/object-hash-3.0.0.tgz 853ms (cache miss)
1360 http fetch GET 200 https://registry.npmjs.org/didyoumean/-/didyoumean-1.2.2.tgz 856ms (cache miss)
1361 http fetch GET 200 https://registry.npmjs.org/nanoid/-/nanoid-3.3.18.tgz 887ms (cache miss)
1362 http fetch GET 200 https://registry.npmjs.org/@alloc/quick-lru/-/quick-lru-5.2.0.tgz 901ms (cache miss)
1363 http fetch GET 200 https://registry.npmjs.org/micromatch/-/micromatch-4.0.8.tgz 944ms (cache miss)
1364 http fetch GET 200 https://registry.npmjs.org/arg/-/arg-5.0.2.tgz 940ms (cache miss)
1365 http fetch GET 200 https://registry.npmjs.org/yallist/-/yallist-3.1.1.tgz 950ms (cache miss)
1366 http fetch GET 200 https://registry.npmjs.org/update-browserslist-db/-/update-browserslist-db-1.3.0.tgz 978ms (cache miss)
1367 http fetch GET 200 https://registry.npmjs.org/dlv/-/dlv-1.1.3.tgz 999ms (cache miss)
1368 http fetch GET 200 https://registry.npmjs.org/node-releases/-/node-releases-2.0.53.tgz 992ms (cache miss)
1369 http fetch GET 200 https://registry.npmjs.org/@types/babel__template/-/babel__template-7.4.4.tgz 1007ms (cache miss)
1370 http fetch GET 200 https://registry.npmjs.org/@types/babel__generator/-/babel__generator-7.27.0.tgz 1010ms (cache miss)
1371 http fetch GET 200 https://registry.npmjs.org/postcss-import/-/postcss-import-15.1.0.tgz 1058ms (cache miss)
1372 http fetch GET 200 https://registry.npmjs.org/chokidar/-/chokidar-3.6.0.tgz 1068ms (cache miss)
1373 http fetch GET 200 https://registry.npmjs.org/lru-cache/-/lru-cache-5.1.1.tgz 1091ms (cache miss)
1374 http fetch GET 200 https://registry.npmjs.org/@types/babel__traverse/-/babel__traverse-7.28.0.tgz 1106ms (cache miss)
1375 http fetch GET 200 https://registry.npmjs.org/@babel/helper-plugin-utils/-/helper-plugin-utils-7.29.7.tgz 1118ms (cache miss)
1376 http fetch GET 200 https://registry.npmjs.org/@babel/helper-string-parser/-/helper-string-parser-7.29.7.tgz 1164ms (cache miss)
1377 http fetch GET 200 https://registry.npmjs.org/postcss-value-parser/-/postcss-value-parser-4.2.0.tgz 1183ms (cache miss)
1378 http fetch GET 200 https://registry.npmjs.org/@babel/compat-data/-/compat-data-7.29.7.tgz 1169ms (cache miss)
1379 http fetch GET 200 https://registry.npmjs.org/@babel/helper-validator-option/-/helper-validator-option-7.29.7.tgz 1177ms (cache miss)
1380 http fetch GET 200 https://registry.npmjs.org/baseline-browser-mapping/-/baseline-browser-mapping-2.11.13.tgz 1218ms (cache miss)
1381 http fetch GET 200 https://registry.npmjs.org/@babel/helper-globals/-/helper-globals-7.29.7.tgz 1205ms (cache miss)
1382 http fetch GET 200 https://registry.npmjs.org/@jridgewell/resolve-uri/-/resolve-uri-3.1.2.tgz 1214ms (cache miss)
1383 http fetch GET 200 https://registry.npmjs.org/jsesc/-/jsesc-3.1.0.tgz 1213ms (cache miss)
1384 http fetch GET 200 https://registry.npmjs.org/scheduler/-/scheduler-0.27.0.tgz 1250ms (cache miss)
1385 http fetch GET 200 https://registry.npmjs.org/electron-to-chromium/-/electron-to-chromium-1.5.403.tgz 1244ms (cache miss)
1386 http fetch GET 200 https://registry.npmjs.org/js-tokens/-/js-tokens-4.0.0.tgz 1256ms (cache miss)
1387 http fetch GET 200 https://registry.npmjs.org/semver/-/semver-6.3.1.tgz 1267ms (cache miss)
1388 http fetch GET 200 https://registry.npmjs.org/browserslist/-/browserslist-4.28.8.tgz 1282ms (cache miss)
1389 http fetch GET 200 https://registry.npmjs.org/picocolors/-/picocolors-1.1.1.tgz 1290ms (cache miss)
1390 http fetch GET 200 https://registry.npmjs.org/source-map-js/-/source-map-js-1.2.1.tgz 1344ms (cache miss)
1391 http fetch GET 200 https://registry.npmjs.org/@nodelib/fs.walk/-/fs.walk-1.2.8.tgz 1368ms (cache miss)
1392 http fetch GET 200 https://registry.npmjs.org/@babel/helper-module-imports/-/helper-module-imports-7.29.7.tgz 1326ms (cache miss)
1393 http fetch GET 200 https://registry.npmjs.org/@babel/helper-validator-identifier/-/helper-validator-identifier-7.29.7.tgz 1336ms (cache miss)
1394 http fetch GET 200 https://registry.npmjs.org/fraction.js/-/fraction.js-5.3.4.tgz 1389ms (cache miss)
1395 http fetch GET 200 https://registry.npmjs.org/@babel/code-frame/-/code-frame-7.29.7.tgz 1445ms (cache miss)
1396 http fetch GET 200 https://registry.npmjs.org/@jridgewell/sourcemap-codec/-/sourcemap-codec-1.5.5.tgz 1492ms (cache miss)
1397 http fetch GET 200 https://registry.npmjs.org/@jridgewell/gen-mapping/-/gen-mapping-0.3.13.tgz 1554ms (cache miss)
1398 http fetch GET 200 https://registry.npmjs.org/postcss-selector-parser/-/postcss-selector-parser-6.1.4.tgz 1624ms (cache miss)
1399 http fetch GET 200 https://registry.npmjs.org/convert-source-map/-/convert-source-map-2.0.0.tgz 1738ms (cache miss)
1400 http fetch GET 200 https://registry.npmjs.org/react-refresh/-/react-refresh-0.17.0.tgz 1732ms (cache miss)
1401 http fetch GET 200 https://registry.npmjs.org/@jridgewell/remapping/-/remapping-2.3.5.tgz 1751ms (cache miss)
1402 http fetch GET 200 https://registry.npmjs.org/json5/-/json5-2.2.3.tgz 1783ms (cache miss)
1403 http fetch GET 200 https://registry.npmjs.org/@rolldown/pluginutils/-/pluginutils-1.0.0-beta.27.tgz 1770ms (cache miss)
1404 http fetch GET 200 https://registry.npmjs.org/@babel/plugin-transform-react-jsx-source/-/plugin-transform-react-jsx-source-7.29.7.tgz 1769ms (cache miss)
1405 http fetch GET 200 https://registry.npmjs.org/gensync/-/gensync-1.0.0-beta.2.tgz 1785ms (cache miss)
1406 http fetch GET 200 https://registry.npmjs.org/@types/babel__core/-/babel__core-7.20.5.tgz 1786ms (cache miss)
1407 http fetch GET 200 https://registry.npmjs.org/@jridgewell/trace-mapping/-/trace-mapping-0.3.31.tgz 1948ms (cache miss)
1408 http fetch GET 200 https://registry.npmjs.org/@babel/template/-/template-7.29.7.tgz 1938ms (cache miss)
1409 http fetch GET 200 https://registry.npmjs.org/@babel/helper-compilation-targets/-/helper-compilation-targets-7.29.7.tgz 1935ms (cache miss)
1410 http fetch GET 200 https://registry.npmjs.org/fast-glob/-/fast-glob-3.3.3.tgz 2058ms (cache miss)
1411 http fetch GET 200 https://registry.npmjs.org/react/-/react-19.2.8.tgz 2041ms (cache miss)
1412 http fetch GET 200 https://registry.npmjs.org/@babel/helper-module-transforms/-/helper-module-transforms-7.29.7.tgz 2066ms (cache miss)
1413 http fetch GET 200 https://registry.npmjs.org/@babel/plugin-transform-react-jsx-self/-/plugin-transform-react-jsx-self-7.29.7.tgz 2077ms (cache miss)
1414 http fetch GET 200 https://registry.npmjs.org/resolve/-/resolve-1.22.12.tgz 2506ms (cache miss)
1415 http fetch GET 200 https://registry.npmjs.org/rollup/-/rollup-4.62.4.tgz 2678ms (cache miss)
1416 http fetch GET 200 https://registry.npmjs.org/jiti/-/jiti-1.21.7.tgz 2627ms (cache miss)
1417 http fetch GET 200 https://registry.npmjs.org/@vitejs/plugin-react/-/plugin-react-4.7.0.tgz 2571ms (cache miss)
1418 http fetch GET 200 https://registry.npmjs.org/@babel/generator/-/generator-7.29.8.tgz 2600ms (cache miss)
1419 http fetch GET 200 https://registry.npmjs.org/picomatch/-/picomatch-4.0.5.tgz 2619ms (cache miss)
1420 http fetch GET 200 https://registry.npmjs.org/fdir/-/fdir-6.5.0.tgz 2621ms (cache miss)
1421 http fetch GET 200 https://registry.npmjs.org/glob-parent/-/glob-parent-5.1.2.tgz 2621ms (cache miss)
1422 http fetch GET 200 https://registry.npmjs.org/glob-parent/-/glob-parent-5.1.2.tgz 2642ms (cache miss)
1423 http fetch GET 200 https://registry.npmjs.org/fdir/-/fdir-6.5.0.tgz 2687ms (cache miss)
1424 http fetch GET 200 https://registry.npmjs.org/picomatch/-/picomatch-4.0.5.tgz 2759ms (cache miss)
1425 http fetch GET 200 https://registry.npmjs.org/@babel/traverse/-/traverse-7.29.8.tgz 2822ms (cache miss)
1426 http fetch GET 200 https://registry.npmjs.org/postcss/-/postcss-8.5.26.tgz 2860ms (cache miss)
1427 http fetch GET 200 https://registry.npmjs.org/autoprefixer/-/autoprefixer-10.5.4.tgz 2881ms (cache miss)
1428 http fetch GET 200 https://registry.npmjs.org/@rollup/rollup-win32-x64-msvc/-/rollup-win32-x64-msvc-4.62.4.tgz 3338ms (cache miss)
1429 http fetch GET 200 https://registry.npmjs.org/@rollup/rollup-win32-x64-gnu/-/rollup-win32-x64-gnu-4.62.4.tgz 3468ms (cache miss)
1430 http fetch GET 200 https://registry.npmjs.org/@babel/types/-/types-7.29.8.tgz 3469ms (cache miss)
1431 http fetch GET 200 https://registry.npmjs.org/sucrase/-/sucrase-3.35.1.tgz 3544ms (cache miss)
1432 http fetch GET 200 https://registry.npmjs.org/@babel/core/-/core-7.29.7.tgz 3488ms (cache miss)
1433 http fetch GET 200 https://registry.npmjs.org/@babel/parser/-/parser-7.29.8.tgz 3559ms (cache miss)
1434 http fetch GET 200 https://registry.npmjs.org/@babel/helpers/-/helpers-7.29.7.tgz 3748ms (cache miss)
1435 http fetch GET 200 https://registry.npmjs.org/vite/-/vite-6.4.3.tgz 4120ms (cache miss)
1436 http fetch GET 200 https://registry.npmjs.org/tailwindcss/-/tailwindcss-3.4.19.tgz 4679ms (cache miss)
1437 http fetch GET 200 https://registry.npmjs.org/caniuse-lite/-/caniuse-lite-1.0.30001809.tgz 5800ms (cache miss)
1438 http fetch GET 200 https://registry.npmjs.org/react-dom/-/react-dom-19.2.8.tgz 6579ms (cache miss)
1439 http fetch GET 200 https://registry.npmjs.org/@esbuild/win32-x64/-/win32-x64-0.25.12.tgz 7129ms (cache miss)
1440 info run esbuild@0.25.12 postinstall node_modules/esbuild node install.js
1441 info run esbuild@0.25.12 postinstall { code: 0, signal: null }
1442 silly ADD node_modules/@types/estree
1443 silly ADD node_modules/@rollup/rollup-win32-x64-msvc
1444 silly ADD node_modules/@rollup/rollup-win32-x64-gnu
1445 silly ADD node_modules/@esbuild/win32-x64
1446 silly ADD node_modules/rollup
1447 silly ADD node_modules/esbuild
1448 silly ADD node_modules/escalade
1449 silly ADD node_modules/is-number
1450 silly ADD node_modules/thenify
1451 silly ADD node_modules/thenify-all
1452 silly ADD node_modules/object-assign
1453 silly ADD node_modules/any-promise
1454 silly ADD node_modules/ts-interface-checker
1455 silly ADD node_modules/tinyglobby
1456 silly ADD node_modules/tinyglobby/node_modules/picomatch
1457 silly ADD node_modules/tinyglobby/node_modules/fdir
1458 silly ADD node_modules/pirates
1459 silly ADD node_modules/mz
1460 silly ADD node_modules/lines-and-columns
1461 silly ADD node_modules/commander
1462 silly ADD node_modules/queue-microtask
1463 silly ADD node_modules/function-bind
1464 silly ADD node_modules/hasown
1465 silly ADD node_modules/supports-preserve-symlinks-flag
1466 silly ADD node_modules/path-parse
1467 silly ADD node_modules/is-core-module
1468 silly ADD node_modules/es-errors
1469 silly ADD node_modules/pify
1470 silly ADD node_modules/util-deprecate
1471 silly ADD node_modules/cssesc
1472 silly ADD node_modules/camelcase-css
1473 silly ADD node_modules/read-cache
1474 silly ADD node_modules/is-extglob
1475 silly ADD node_modules/binary-extensions
1476 silly ADD node_modules/to-regex-range
1477 silly ADD node_modules/reusify
1478 silly ADD node_modules/run-parallel
1479 silly ADD node_modules/fastq
1480 silly ADD node_modules/@nodelib/fs.scandir
1481 silly ADD node_modules/merge2
1482 silly ADD node_modules/@nodelib/fs.walk
1483 silly ADD node_modules/@nodelib/fs.stat
1484 silly ADD node_modules/fill-range
1485 silly ADD node_modules/picomatch
1486 silly ADD node_modules/readdirp
1487 silly ADD node_modules/is-binary-path
1488 silly ADD node_modules/braces
1489 silly ADD node_modules/anymatch
1490 silly ADD node_modules/sucrase
1491 silly ADD node_modules/resolve
1492 silly ADD node_modules/postcss-selector-parser
1493 silly ADD node_modules/postcss-nested
1494 silly ADD node_modules/postcss-load-config
1495 silly ADD node_modules/postcss-js
1496 silly ADD node_modules/postcss-import
1497 silly ADD node_modules/object-hash
1498 silly ADD node_modules/normalize-path
1499 silly ADD node_modules/micromatch
1500 silly ADD node_modules/lilconfig
1501 silly ADD node_modules/jiti
1502 silly ADD node_modules/is-glob
1503 silly ADD node_modules/glob-parent
1504 silly ADD node_modules/fast-glob
1505 silly ADD node_modules/fast-glob/node_modules/glob-parent
1506 silly ADD node_modules/dlv
1507 silly ADD node_modules/didyoumean
1508 silly ADD node_modules/chokidar
1509 silly ADD node_modules/chokidar/node_modules/glob-parent
1510 silly ADD node_modules/arg
1511 silly ADD node_modules/@alloc/quick-lru
1512 silly ADD node_modules/scheduler
1513 silly ADD node_modules/source-map-js
1514 silly ADD node_modules/nanoid
1515 silly ADD node_modules/yallist
1516 silly ADD node_modules/ms
1517 silly ADD node_modules/update-browserslist-db
1518 silly ADD node_modules/node-releases
1519 silly ADD node_modules/electron-to-chromium
1520 silly ADD node_modules/baseline-browser-mapping
1521 silly ADD node_modules/postcss-value-parser
1522 silly ADD node_modules/fraction.js
1523 silly ADD node_modules/caniuse-lite
1524 silly ADD node_modules/@types/babel__traverse
1525 silly ADD node_modules/@types/babel__template
1526 silly ADD node_modules/@types/babel__generator
1527 silly ADD node_modules/@jridgewell/resolve-uri
1528 silly ADD node_modules/@jridgewell/sourcemap-codec
1529 silly ADD node_modules/@babel/helper-string-parser
1530 silly ADD node_modules/@babel/helper-globals
1531 silly ADD node_modules/@babel/helper-plugin-utils
1532 silly ADD node_modules/@babel/helper-module-imports
1533 silly ADD node_modules/lru-cache
1534 silly ADD node_modules/browserslist
1535 silly ADD node_modules/@babel/helper-validator-option
1536 silly ADD node_modules/@babel/compat-data
1537 silly ADD node_modules/jsesc
1538 silly ADD node_modules/@jridgewell/trace-mapping
1539 silly ADD node_modules/@jridgewell/gen-mapping
1540 silly ADD node_modules/picocolors
1541 silly ADD node_modules/js-tokens
1542 silly ADD node_modules/@babel/helper-validator-identifier
1543 silly ADD node_modules/semver
1544 silly ADD node_modules/json5
1545 silly ADD node_modules/gensync
1546 silly ADD node_modules/debug
1547 silly ADD node_modules/convert-source-map
1548 silly ADD node_modules/@jridgewell/remapping
1549 silly ADD node_modules/@babel/types
1550 silly ADD node_modules/@babel/traverse
1551 silly ADD node_modules/@babel/template
1552 silly ADD node_modules/@babel/parser
1553 silly ADD node_modules/@babel/helpers
1554 silly ADD node_modules/@babel/helper-module-transforms
1555 silly ADD node_modules/@babel/helper-compilation-targets
1556 silly ADD node_modules/@babel/generator
1557 silly ADD node_modules/@babel/code-frame
1558 silly ADD node_modules/react-refresh
1559 silly ADD node_modules/@types/babel__core
1560 silly ADD node_modules/@rolldown/pluginutils
1561 silly ADD node_modules/@babel/plugin-transform-react-jsx-source
1562 silly ADD node_modules/@babel/plugin-transform-react-jsx-self
1563 silly ADD node_modules/@babel/core
1564 silly ADD node_modules/tailwindcss
1565 silly ADD node_modules/react-dom
1566 silly ADD node_modules/react
1567 silly ADD node_modules/postcss
1568 silly ADD node_modules/autoprefixer
1569 silly ADD node_modules/vite
1570 silly ADD node_modules/vite/node_modules/picomatch
1571 silly ADD node_modules/vite/node_modules/fdir
1572 silly ADD node_modules/@vitejs/plugin-react
1573 warn allow-scripts 1 package has install scripts not yet covered by allowScripts:
1573 warn allow-scripts   esbuild@0.25.12 (postinstall: node install.js)
1573 warn allow-scripts
1573 warn allow-scripts Run `npm approve-scripts --allow-scripts-pending` to review, or `npm approve-scripts <pkg>` to allow.
1574 verbose cwd C:\Users\yuvii\Documents\Codex\2026-08-09\you-are-the-senior-software-architect\client
1575 verbose os Windows_NT 10.0.26200
1576 verbose node v24.18.0
1577 verbose npm  v11.16.0
1578 notice
1578 notice New major version of npm available! 11.16.0 -> 12.0.2
1578 notice Changelog: https://github.com/npm/cli/releases/tag/v12.0.2
1578 notice To update run: npm install -g npm@12.0.2
1578 notice  { force: true, Symbol(proc-log.meta): true }
1579 verbose exit 0
1580 info ok
